id,image_path,label,label_name,weight,source
5893,"/home/h3r0-k1ll3r/Downloads/hackBlox/Round02/data/train/undefined/pool_e1a97f.jpg",0,buildings,1.0,expert_human_final
4146,"/home/h3r0-k1ll3r/Downloads/hackBlox/Round02/data/train/undefined/pool_94dc88.jpg",3,mountain,1.0,expert_human_final
6545,"/home/h3r0-k1ll3r/Downloads/hackBlox/Round02/data/train/undefined/pool_fe1c64.jpg",0,buildings,1.0,expert_human_final
4141,"/home/h3r0-k1ll3r/Downloads/hackBlox/Round02/data/train/undefined/pool_94c38d.jpg",3,mountain,1.0,expert_human_final
4870,"/home/h3r0-k1ll3r/Downloads/hackBlox/Round02/data/train/undefined/pool_b3b051.jpg",4,sea,1.0,expert_human_final
658,"/home/h3r0-k1ll3r/Downloads/hackBlox/Round02/data/train/undefined/pool_02dd54.jpg",3,mountain,1.0,expert_human_final
5732,"/home/h3r0-k1ll3r/Downloads/hackBlox/Round02/data/train/undefined/pool_da0e5c.jpg",3,mountain,1.0,expert_human_final
983,"/home/h3r0-k1ll3r/Downloads/hackBlox/Round02/data/train/undefined/pool_10aa60.jpg",4,sea,1.0,expert_human_final
3504,"/home/h3r0-k1ll3r/Downloads/hackBlox/Round02/data/train/undefined/pool_7942be.jpg",2,glacier,1.0,expert_human_final
3968,"/home/h3r0-k1ll3r/Downloads/hackBlox/Round02/data/train/undefined/pool_8cbf34.jpg",2,glacier,1.0,expert_human_final
4025,"/home/h3r0-k1ll3r/Downloads/hackBlox/Round02/data/train/undefined/pool_8f6ade.jpg",2,glacier,1.0,expert_human_final
3318,"/home/h3r0-k1ll3r/Downloads/hackBlox/Round02/data/train/undefined/pool_7141cd.jpg",5,street,1.0,expert_human_final
3529,"/home/h3r0-k1ll3r/Downloads/hackBlox/Round02/data/train/undefined/pool_7a080b.jpg",3,mountain,1.0,expert_human_final
5221,"/home/h3r0-k1ll3r/Downloads/hackBlox/Round02/data/train/undefined/pool_c3554e.jpg",3,mountain,1.0,expert_human_final
3268,"/home/h3r0-k1ll3r/Downloads/hackBlox/Round02/data/train/undefined/pool_6edcf8.jpg",4,sea,1.0,expert_human_final
4695,"/home/h3r0-k1ll3r/Downloads/hackBlox/Round02/data/train/undefined/pool_abbb20.jpg",0,buildings,1.0,expert_human_final
3176,"/home/h3r0-k1ll3r/Downloads/hackBlox/Round02/data/train/undefined/pool_6b3b21.jpg",3,mountain,1.0,expert_human_final
3257,"/home/h3r0-k1ll3r/Downloads/hackBlox/Round02/data/train/undefined/pool_6e7ea2.jpg",0,buildings,1.0,expert_human_final
6267,"/home/h3r0-k1ll3r/Downloads/hackBlox/Round02/data/train/undefined/pool_f1cd78.jpg",5,street,1.0,expert_human_final
708,"/home/h3r0-k1ll3r/Downloads/hackBlox/Round02/data/train/undefined/pool_054155.jpg",3,mountain,1.0,expert_human_final
5224,"/home/h3r0-k1ll3r/Downloads/hackBlox/Round02/data/train/undefined/pool_c35c5e.jpg",1,forest,1.0,expert_human_final
1098,"/home/h3r0-k1ll3r/Downloads/hackBlox/Round02/data/train/undefined/pool_153044.jpg",5,street,1.0,expert_human_final
3667,"/home/h3r0-k1ll3r/Downloads/hackBlox/Round02/data/train/undefined/pool_7ff225.jpg",0,buildings,1.0,expert_human_final
5370,"/home/h3r0-k1ll3r/Downloads/hackBlox/Round02/data/train/undefined/pool_c9b93c.jpg",5,street,1.0,expert_human_final
4609,"/home/h3r0-k1ll3r/Downloads/hackBlox/Round02/data/train/undefined/pool_a8e852.jpg",5,street,1.0,expert_human_final
2993,"/home/h3r0-k1ll3r/Downloads/hackBlox/Round02/data/train/undefined/pool_63e588.jpg",4,sea,1.0,expert_human_final
5205,"/home/h3r0-k1ll3r/Downloads/hackBlox/Round02/data/train/undefined/pool_c2892d.jpg",4,sea,1.0,expert_human_final
3780,"/home/h3r0-k1ll3r/Downloads/hackBlox/Round02/data/train/undefined/pool_8458c2.jpg",3,mountain,1.0,expert_human_final
6076,"/home/h3r0-k1ll3r/Downloads/hackBlox/Round02/data/train/undefined/pool_e97a8e.jpg",0,buildings,1.0,expert_human_final
5926,"/home/h3r0-k1ll3r/Downloads/hackBlox/Round02/data/train/undefined/pool_e37a1a.jpg",0,buildings,1.0,expert_human_final
5421,"/home/h3r0-k1ll3r/Downloads/hackBlox/Round02/data/train/undefined/pool_cbddc9.jpg",0,buildings,1.0,expert_human_final
2768,"/home/h3r0-k1ll3r/Downloads/hackBlox/Round02/data/train/undefined/pool_5b2cb3.jpg",1,forest,1.0,expert_human_final
1685,"/home/h3r0-k1ll3r/Downloads/hackBlox/Round02/data/train/undefined/pool_2ed45d.jpg",5,street,1.0,expert_human_final
4836,"/home/h3r0-k1ll3r/Downloads/hackBlox/Round02/data/train/undefined/pool_b21333.jpg",0,buildings,1.0,expert_human_final
6175,"/home/h3r0-k1ll3r/Downloads/hackBlox/Round02/data/train/undefined/pool_ed6e0d.jpg",3,mountain,1.0,expert_human_final
3623,"/home/h3r0-k1ll3r/Downloads/hackBlox/Round02/data/train/undefined/pool_7e344d.jpg",0,buildings,1.0,expert_human_final
2972,"/home/h3r0-k1ll3r/Downloads/hackBlox/Round02/data/train/undefined/pool_636324.jpg",1,forest,1.0,expert_human_final
3635,"/home/h3r0-k1ll3r/Downloads/hackBlox/Round02/data/train/undefined/pool_7ea2c2.jpg",5,street,1.0,expert_human_final
3329,"/home/h3r0-k1ll3r/Downloads/hackBlox/Round02/data/train/undefined/pool_71cb65.jpg",0,buildings,1.0,expert_human_final
4205,"/home/h3r0-k1ll3r/Downloads/hackBlox/Round02/data/train/undefined/pool_974af1.jpg",5,street,1.0,expert_human_final
4376,"/home/h3r0-k1ll3r/Downloads/hackBlox/Round02/data/train/undefined/pool_9f0977.jpg",3,mountain,1.0,expert_human_final
3499,"/home/h3r0-k1ll3r/Downloads/hackBlox/Round02/data/train/undefined/pool_7924c5.jpg",3,mountain,1.0,expert_human_final
2936,"/home/h3r0-k1ll3r/Downloads/hackBlox/Round02/data/train/undefined/pool_61e7b9.jpg",4,sea,1.0,expert_human_final
2684,"/home/h3r0-k1ll3r/Downloads/hackBlox/Round02/data/train/undefined/pool_57ca1a.jpg",0,buildings,1.0,expert_human_final
3215,"/home/h3r0-k1ll3r/Downloads/hackBlox/Round02/data/train/undefined/pool_6cce25.jpg",4,sea,1.0,expert_human_final
1908,"/home/h3r0-k1ll3r/Downloads/hackBlox/Round02/data/train/undefined/pool_36f9a3.jpg",4,sea,1.0,expert_human_final
5862,"/home/h3r0-k1ll3r/Downloads/hackBlox/Round02/data/train/undefined/pool_dff507.jpg",5,street,1.0,expert_human_final
5362,"/home/h3r0-k1ll3r/Downloads/hackBlox/Round02/data/train/undefined/pool_c99282.jpg",1,forest,1.0,expert_human_final
2858,"/home/h3r0-k1ll3r/Downloads/hackBlox/Round02/data/train/undefined/pool_5eb63d.jpg",3,mountain,1.0,expert_human_final
1698,"/home/h3r0-k1ll3r/Downloads/hackBlox/Round02/data/train/undefined/pool_2f7ec2.jpg",0,buildings,1.0,expert_human_final
6155,"/home/h3r0-k1ll3r/Downloads/hackBlox/Round02/data/train/undefined/pool_ec79d9.jpg",5,street,1.0,expert_human_final
5093,"/home/h3r0-k1ll3r/Downloads/hackBlox/Round02/data/train/undefined/pool_bd87f7.jpg",3,mountain,1.0,expert_human_final
4619,"/home/h3r0-k1ll3r/Downloads/hackBlox/Round02/data/train/undefined/pool_a94857.jpg",3,mountain,1.0,expert_human_final
1715,"/home/h3r0-k1ll3r/Downloads/hackBlox/Round02/data/train/undefined/pool_303eed.jpg",0,buildings,1.0,expert_human_final
4204,"/home/h3r0-k1ll3r/Downloads/hackBlox/Round02/data/train/undefined/pool_97437a.jpg",0,buildings,1.0,expert_human_final
1744,"/home/h3r0-k1ll3r/Downloads/hackBlox/Round02/data/train/undefined/pool_316146.jpg",0,buildings,1.0,expert_human_final
3260,"/home/h3r0-k1ll3r/Downloads/hackBlox/Round02/data/train/undefined/pool_6e98c4.jpg",3,mountain,1.0,expert_human_final
3207,"/home/h3r0-k1ll3r/Downloads/hackBlox/Round02/data/train/undefined/pool_6c8d81.jpg",0,buildings,1.0,expert_human_final
4413,"/home/h3r0-k1ll3r/Downloads/hackBlox/Round02/data/train/undefined/pool_a0eb2f.jpg",3,mountain,1.0,expert_human_final
743,"/home/h3r0-k1ll3r/Downloads/hackBlox/Round02/data/train/undefined/pool_06b206.jpg",5,street,1.0,expert_human_final
5750,"/home/h3r0-k1ll3r/Downloads/hackBlox/Round02/data/train/undefined/pool_daa647.jpg",0,buildings,1.0,expert_human_final
2741,"/home/h3r0-k1ll3r/Downloads/hackBlox/Round02/data/train/undefined/pool_5a2c1d.jpg",0,buildings,1.0,expert_human_final
2359,"/home/h3r0-k1ll3r/Downloads/hackBlox/Round02/data/train/undefined/pool_4a4678.jpg",4,sea,1.0,expert_human_final
996,"/home/h3r0-k1ll3r/Downloads/hackBlox/Round02/data/train/undefined/pool_1164c1.jpg",2,glacier,1.0,expert_human_final
5723,"/home/h3r0-k1ll3r/Downloads/hackBlox/Round02/data/train/undefined/pool_d99a19.jpg",3,mountain,1.0,expert_human_final
6290,"/home/h3r0-k1ll3r/Downloads/hackBlox/Round02/data/train/undefined/pool_f2d020.jpg",5,street,1.0,expert_human_final
5764,"/home/h3r0-k1ll3r/Downloads/hackBlox/Round02/data/train/undefined/pool_db2a2d.jpg",3,mountain,1.0,expert_human_final
1782,"/home/h3r0-k1ll3r/Downloads/hackBlox/Round02/data/train/undefined/pool_329bc2.jpg",0,buildings,1.0,expert_human_final
4283,"/home/h3r0-k1ll3r/Downloads/hackBlox/Round02/data/train/undefined/pool_9aad82.jpg",0,buildings,1.0,expert_human_final
3061,"/home/h3r0-k1ll3r/Downloads/hackBlox/Round02/data/train/undefined/pool_66cd36.jpg",0,buildings,1.0,expert_human_final
5047,"/home/h3r0-k1ll3r/Downloads/hackBlox/Round02/data/train/undefined/pool_bb0400.jpg",4,sea,1.0,expert_human_final
3366,"/home/h3r0-k1ll3r/Downloads/hackBlox/Round02/data/train/undefined/pool_73433f.jpg",5,street,1.0,expert_human_final
862,"/home/h3r0-k1ll3r/Downloads/hackBlox/Round02/data/train/undefined/pool_0b803a.jpg",4,sea,1.0,expert_human_final
1508,"/home/h3r0-k1ll3r/Downloads/hackBlox/Round02/data/train/undefined/pool_2706b9.jpg",0,buildings,1.0,expert_human_final
3202,"/home/h3r0-k1ll3r/Downloads/hackBlox/Round02/data/train/undefined/pool_6c503f.jpg",1,forest,1.0,expert_human_final
2971,"/home/h3r0-k1ll3r/Downloads/hackBlox/Round02/data/train/undefined/pool_635c6b.jpg",5,street,1.0,expert_human_final
4628,"/home/h3r0-k1ll3r/Downloads/hackBlox/Round02/data/train/undefined/pool_a9865f.jpg",5,street,1.0,expert_human_final
3440,"/home/h3r0-k1ll3r/Downloads/hackBlox/Round02/data/train/undefined/pool_763699.jpg",3,mountain,1.0,expert_human_final
1617,"/home/h3r0-k1ll3r/Downloads/hackBlox/Round02/data/train/undefined/pool_2c5cd2.jpg",5,street,1.0,expert_human_final
1095,"/home/h3r0-k1ll3r/Downloads/hackBlox/Round02/data/train/undefined/pool_14fcea.jpg",0,buildings,1.0,expert_human_final
4604,"/home/h3r0-k1ll3r/Downloads/hackBlox/Round02/data/train/undefined/pool_a8ba5f.jpg",4,sea,1.0,expert_human_final
5721,"/home/h3r0-k1ll3r/Downloads/hackBlox/Round02/data/train/undefined/pool_d97a5c.jpg",0,buildings,1.0,expert_human_final
4864,"/home/h3r0-k1ll3r/Downloads/hackBlox/Round02/data/train/undefined/pool_b38e68.jpg",1,forest,1.0,expert_human_final
2687,"/home/h3r0-k1ll3r/Downloads/hackBlox/Round02/data/train/undefined/pool_57d89a.jpg",0,buildings,1.0,expert_human_final
4173,"/home/h3r0-k1ll3r/Downloads/hackBlox/Round02/data/train/undefined/pool_95cd11.jpg",1,forest,1.0,expert_human_final
6064,"/home/h3r0-k1ll3r/Downloads/hackBlox/Round02/data/train/undefined/pool_e8d88f.jpg",1,forest,1.0,expert_human_final
4349,"/home/h3r0-k1ll3r/Downloads/hackBlox/Round02/data/train/undefined/pool_9e0459.jpg",0,buildings,1.0,expert_human_final
4849,"/home/h3r0-k1ll3r/Downloads/hackBlox/Round02/data/train/undefined/pool_b2b67b.jpg",3,mountain,1.0,expert_human_final
5876,"/home/h3r0-k1ll3r/Downloads/hackBlox/Round02/data/train/undefined/pool_e0e34e.jpg",1,forest,1.0,expert_human_final
1814,"/home/h3r0-k1ll3r/Downloads/hackBlox/Round02/data/train/undefined/pool_342cc7.jpg",4,sea,1.0,expert_human_final
6485,"/home/h3r0-k1ll3r/Downloads/hackBlox/Round02/data/train/undefined/pool_fb1b81.jpg",1,forest,1.0,expert_human_final
4068,"/home/h3r0-k1ll3r/Downloads/hackBlox/Round02/data/train/undefined/pool_91124e.jpg",5,street,1.0,expert_human_final
4049,"/home/h3r0-k1ll3r/Downloads/hackBlox/Round02/data/train/undefined/pool_9032e1.jpg",1,forest,1.0,expert_human_final
4013,"/home/h3r0-k1ll3r/Downloads/hackBlox/Round02/data/train/undefined/pool_8eabc2.jpg",1,forest,1.0,expert_human_final
4231,"/home/h3r0-k1ll3r/Downloads/hackBlox/Round02/data/train/undefined/pool_988779.jpg",3,mountain,1.0,expert_human_final
2309,"/home/h3r0-k1ll3r/Downloads/hackBlox/Round02/data/train/undefined/pool_47d7ff.jpg",1,forest,1.0,expert_human_final
2719,"/home/h3r0-k1ll3r/Downloads/hackBlox/Round02/data/train/undefined/pool_591c80.jpg",1,forest,1.0,expert_human_final
4683,"/home/h3r0-k1ll3r/Downloads/hackBlox/Round02/data/train/undefined/pool_ab45d0.jpg",3,mountain,1.0,expert_human_final
1995,"/home/h3r0-k1ll3r/Downloads/hackBlox/Round02/data/train/undefined/pool_3ab0c2.jpg",5,street,1.0,expert_human_final
6504,"/home/h3r0-k1ll3r/Downloads/hackBlox/Round02/data/train/undefined/pool_fc29c1.jpg",2,glacier,1.0,expert_human_final
5673,"/home/h3r0-k1ll3r/Downloads/hackBlox/Round02/data/train/undefined/pool_d736b2.jpg",1,forest,1.0,expert_human_final
4058,"/home/h3r0-k1ll3r/Downloads/hackBlox/Round02/data/train/undefined/pool_90998d.jpg",5,street,1.0,expert_human_final
5682,"/home/h3r0-k1ll3r/Downloads/hackBlox/Round02/data/train/undefined/pool_d775f9.jpg",1,forest,1.0,expert_human_final
2573,"/home/h3r0-k1ll3r/Downloads/hackBlox/Round02/data/train/undefined/pool_534bb4.jpg",2,glacier,1.0,expert_human_final
3098,"/home/h3r0-k1ll3r/Downloads/hackBlox/Round02/data/train/undefined/pool_686507.jpg",5,street,1.0,expert_human_final
1191,"/home/h3r0-k1ll3r/Downloads/hackBlox/Round02/data/train/undefined/pool_199ed4.jpg",1,forest,1.0,expert_human_final
5880,"/home/h3r0-k1ll3r/Downloads/hackBlox/Round02/data/train/undefined/pool_e11e84.jpg",1,forest,1.0,expert_human_final
6529,"/home/h3r0-k1ll3r/Downloads/hackBlox/Round02/data/train/undefined/pool_fd4518.jpg",1,forest,1.0,expert_human_final
6416,"/home/h3r0-k1ll3r/Downloads/hackBlox/Round02/data/train/undefined/pool_f87c4d.jpg",1,forest,1.0,expert_human_final
1843,"/home/h3r0-k1ll3r/Downloads/hackBlox/Round02/data/train/undefined/pool_34d136.jpg",1,forest,1.0,expert_human_final
2685,"/home/h3r0-k1ll3r/Downloads/hackBlox/Round02/data/train/undefined/pool_57caca.jpg",1,forest,1.0,expert_human_final
1588,"/home/h3r0-k1ll3r/Downloads/hackBlox/Round02/data/train/undefined/pool_2b00a5.jpg",1,forest,1.0,expert_human_final
4399,"/home/h3r0-k1ll3r/Downloads/hackBlox/Round02/data/train/undefined/pool_a043ae.jpg",1,forest,1.0,expert_human_final
1009,"/home/h3r0-k1ll3r/Downloads/hackBlox/Round02/data/train/undefined/pool_11ead6.jpg",5,street,1.0,expert_human_final
5629,"/home/h3r0-k1ll3r/Downloads/hackBlox/Round02/data/train/undefined/pool_d4f978.jpg",1,forest,1.0,expert_human_final
850,"/home/h3r0-k1ll3r/Downloads/hackBlox/Round02/data/train/undefined/pool_0b2ac0.jpg",0,buildings,1.0,expert_human_final
2838,"/home/h3r0-k1ll3r/Downloads/hackBlox/Round02/data/train/undefined/pool_5dfec2.jpg",1,forest,1.0,expert_human_final
6020,"/home/h3r0-k1ll3r/Downloads/hackBlox/Round02/data/train/undefined/pool_e6db55.jpg",5,street,1.0,expert_human_final
2786,"/home/h3r0-k1ll3r/Downloads/hackBlox/Round02/data/train/undefined/pool_5c0fda.jpg",0,buildings,1.0,expert_human_final
4287,"/home/h3r0-k1ll3r/Downloads/hackBlox/Round02/data/train/undefined/pool_9ad4ae.jpg",1,forest,1.0,expert_human_final
3342,"/home/h3r0-k1ll3r/Downloads/hackBlox/Round02/data/train/undefined/pool_7263de.jpg",1,forest,1.0,expert_human_final
1141,"/home/h3r0-k1ll3r/Downloads/hackBlox/Round02/data/train/undefined/pool_1757c5.jpg",1,forest,1.0,expert_human_final
3059,"/home/h3r0-k1ll3r/Downloads/hackBlox/Round02/data/train/undefined/pool_66bd28.jpg",5,street,1.0,expert_human_final
1760,"/home/h3r0-k1ll3r/Downloads/hackBlox/Round02/data/train/undefined/pool_31ecff.jpg",0,buildings,1.0,expert_human_final
5248,"/home/h3r0-k1ll3r/Downloads/hackBlox/Round02/data/train/undefined/pool_c464d5.jpg",0,buildings,1.0,expert_human_final
1684,"/home/h3r0-k1ll3r/Downloads/hackBlox/Round02/data/train/undefined/pool_2ed199.jpg",5,street,1.0,expert_human_final
2418,"/home/h3r0-k1ll3r/Downloads/hackBlox/Round02/data/train/undefined/pool_4c5193.jpg",1,forest,1.0,expert_human_final
2129,"/home/h3r0-k1ll3r/Downloads/hackBlox/Round02/data/train/undefined/pool_400b3b.jpg",0,buildings,1.0,expert_human_final
1258,"/home/h3r0-k1ll3r/Downloads/hackBlox/Round02/data/train/undefined/pool_1c987d.jpg",5,street,1.0,expert_human_final
3262,"/home/h3r0-k1ll3r/Downloads/hackBlox/Round02/data/train/undefined/pool_6ea31f.jpg",0,buildings,1.0,expert_human_final
1627,"/home/h3r0-k1ll3r/Downloads/hackBlox/Round02/data/train/undefined/pool_2ca502.jpg",0,buildings,1.0,expert_human_final
2312,"/home/h3r0-k1ll3r/Downloads/hackBlox/Round02/data/train/undefined/pool_47fb3d.jpg",1,forest,1.0,expert_human_final
3414,"/home/h3r0-k1ll3r/Downloads/hackBlox/Round02/data/train/undefined/pool_752c3b.jpg",1,forest,1.0,expert_human_final
2555,"/home/h3r0-k1ll3r/Downloads/hackBlox/Round02/data/train/undefined/pool_525d4f.jpg",1,forest,1.0,expert_human_final
5952,"/home/h3r0-k1ll3r/Downloads/hackBlox/Round02/data/train/undefined/pool_e41c66.jpg",3,mountain,1.0,expert_human_final
3493,"/home/h3r0-k1ll3r/Downloads/hackBlox/Round02/data/train/undefined/pool_78ea1b.jpg",5,street,1.0,expert_human_final
4798,"/home/h3r0-k1ll3r/Downloads/hackBlox/Round02/data/train/undefined/pool_b06e54.jpg",1,forest,1.0,expert_human_final
2282,"/home/h3r0-k1ll3r/Downloads/hackBlox/Round02/data/train/undefined/pool_46d028.jpg",5,street,1.0,expert_human_final
773,"/home/h3r0-k1ll3r/Downloads/hackBlox/Round02/data/train/undefined/pool_07b194.jpg",5,street,1.0,expert_human_final
2928,"/home/h3r0-k1ll3r/Downloads/hackBlox/Round02/data/train/undefined/pool_6193b5.jpg",1,forest,1.0,expert_human_final
2026,"/home/h3r0-k1ll3r/Downloads/hackBlox/Round02/data/train/undefined/pool_3c5a64.jpg",0,buildings,1.0,expert_human_final
5087,"/home/h3r0-k1ll3r/Downloads/hackBlox/Round02/data/train/undefined/pool_bd3565.jpg",1,forest,1.0,expert_human_final
1101,"/home/h3r0-k1ll3r/Downloads/hackBlox/Round02/data/train/undefined/pool_1571df.jpg",0,buildings,1.0,expert_human_final
5992,"/home/h3r0-k1ll3r/Downloads/hackBlox/Round02/data/train/undefined/pool_e596b3.jpg",5,street,1.0,expert_human_final
3128,"/home/h3r0-k1ll3r/Downloads/hackBlox/Round02/data/train/undefined/pool_693e17.jpg",1,forest,1.0,expert_human_final
6021,"/home/h3r0-k1ll3r/Downloads/hackBlox/Round02/data/train/undefined/pool_e6e39a.jpg",1,forest,1.0,expert_human_final
5274,"/home/h3r0-k1ll3r/Downloads/hackBlox/Round02/data/train/undefined/pool_c5642b.jpg",5,street,1.0,expert_human_final
6180,"/home/h3r0-k1ll3r/Downloads/hackBlox/Round02/data/train/undefined/pool_ed9c25.jpg",1,forest,1.0,expert_human_final
889,"/home/h3r0-k1ll3r/Downloads/hackBlox/Round02/data/train/undefined/pool_0c9cda.jpg",1,forest,1.0,expert_human_final
1229,"/home/h3r0-k1ll3r/Downloads/hackBlox/Round02/data/train/undefined/pool_1b0284.jpg",1,forest,1.0,expert_human_final
4819,"/home/h3r0-k1ll3r/Downloads/hackBlox/Round02/data/train/undefined/pool_b139d2.jpg",1,forest,1.0,expert_human_final
5089,"/home/h3r0-k1ll3r/Downloads/hackBlox/Round02/data/train/undefined/pool_bd435d.jpg",5,street,1.0,expert_human_final
4249,"/home/h3r0-k1ll3r/Downloads/hackBlox/Round02/data/train/undefined/pool_994969.jpg",1,forest,1.0,expert_human_final
1523,"/home/h3r0-k1ll3r/Downloads/hackBlox/Round02/data/train/undefined/pool_27a299.jpg",1,forest,1.0,expert_human_final
1660,"/home/h3r0-k1ll3r/Downloads/hackBlox/Round02/data/train/undefined/pool_2debf3.jpg",2,glacier,1.0,expert_human_final
1690,"/home/h3r0-k1ll3r/Downloads/hackBlox/Round02/data/train/undefined/pool_2f2568.jpg",1,forest,1.0,expert_human_final
4689,"/home/h3r0-k1ll3r/Downloads/hackBlox/Round02/data/train/undefined/pool_ab7169.jpg",1,forest,1.0,expert_human_final
5901,"/home/h3r0-k1ll3r/Downloads/hackBlox/Round02/data/train/undefined/pool_e222d7.jpg",0,buildings,1.0,expert_human_final
3100,"/home/h3r0-k1ll3r/Downloads/hackBlox/Round02/data/train/undefined/pool_686bf2.jpg",5,street,1.0,expert_human_final
5492,"/home/h3r0-k1ll3r/Downloads/hackBlox/Round02/data/train/undefined/pool_cf5284.jpg",5,street,1.0,expert_human_final
646,"/home/h3r0-k1ll3r/Downloads/hackBlox/Round02/data/train/undefined/pool_021865.jpg",1,forest,1.0,expert_human_final
3741,"/home/h3r0-k1ll3r/Downloads/hackBlox/Round02/data/train/undefined/pool_82a13b.jpg",0,buildings,1.0,expert_human_final
4550,"/home/h3r0-k1ll3r/Downloads/hackBlox/Round02/data/train/undefined/pool_a6aa5d.jpg",5,street,1.0,expert_human_final
5191,"/home/h3r0-k1ll3r/Downloads/hackBlox/Round02/data/train/undefined/pool_c1ff69.jpg",5,street,1.0,expert_human_final
2015,"/home/h3r0-k1ll3r/Downloads/hackBlox/Round02/data/train/undefined/pool_3bbabb.jpg",5,street,1.0,expert_human_final
5928,"/home/h3r0-k1ll3r/Downloads/hackBlox/Round02/data/train/undefined/pool_e388b6.jpg",1,forest,1.0,expert_human_final
915,"/home/h3r0-k1ll3r/Downloads/hackBlox/Round02/data/train/undefined/pool_0d861f.jpg",5,street,1.0,expert_human_final
5841,"/home/h3r0-k1ll3r/Downloads/hackBlox/Round02/data/train/undefined/pool_dee8cb.jpg",2,glacier,1.0,expert_human_final
5741,"/home/h3r0-k1ll3r/Downloads/hackBlox/Round02/data/train/undefined/pool_da595f.jpg",0,buildings,1.0,expert_human_final
5159,"/home/h3r0-k1ll3r/Downloads/hackBlox/Round02/data/train/undefined/pool_c04f70.jpg",2,glacier,1.0,expert_human_final
1754,"/home/h3r0-k1ll3r/Downloads/hackBlox/Round02/data/train/undefined/pool_31ca8e.jpg",2,glacier,1.0,expert_human_final
3306,"/home/h3r0-k1ll3r/Downloads/hackBlox/Round02/data/train/undefined/pool_70c77f.jpg",2,glacier,1.0,expert_human_final
6521,"/home/h3r0-k1ll3r/Downloads/hackBlox/Round02/data/train/undefined/pool_fd1564.jpg",2,glacier,1.0,expert_human_final
5522,"/home/h3r0-k1ll3r/Downloads/hackBlox/Round02/data/train/undefined/pool_d0f52c.jpg",3,mountain,1.0,expert_human_final
4832,"/home/h3r0-k1ll3r/Downloads/hackBlox/Round02/data/train/undefined/pool_b1d3f9.jpg",3,mountain,1.0,expert_human_final
6089,"/home/h3r0-k1ll3r/Downloads/hackBlox/Round02/data/train/undefined/pool_ea04a4.jpg",3,mountain,1.0,expert_human_final
5681,"/home/h3r0-k1ll3r/Downloads/hackBlox/Round02/data/train/undefined/pool_d77234.jpg",3,mountain,1.0,expert_human_final
5512,"/home/h3r0-k1ll3r/Downloads/hackBlox/Round02/data/train/undefined/pool_d08b97.jpg",4,sea,1.0,expert_human_final
3723,"/home/h3r0-k1ll3r/Downloads/hackBlox/Round02/data/train/undefined/pool_81c62f.jpg",3,mountain,1.0,expert_human_final
4171,"/home/h3r0-k1ll3r/Downloads/hackBlox/Round02/data/train/undefined/pool_95c0aa.jpg",3,mountain,1.0,expert_human_final
2513,"/home/h3r0-k1ll3r/Downloads/hackBlox/Round02/data/train/undefined/pool_50a07c.jpg",2,glacier,1.0,expert_human_final
4532,"/home/h3r0-k1ll3r/Downloads/hackBlox/Round02/data/train/undefined/pool_a5bb21.jpg",4,sea,1.0,expert_human_final
3434,"/home/h3r0-k1ll3r/Downloads/hackBlox/Round02/data/train/undefined/pool_75dfda.jpg",3,mountain,1.0,expert_human_final
805,"/home/h3r0-k1ll3r/Downloads/hackBlox/Round02/data/train/undefined/pool_08f1ec.jpg",3,mountain,1.0,expert_human_final
3948,"/home/h3r0-k1ll3r/Downloads/hackBlox/Round02/data/train/undefined/pool_8bf448.jpg",2,glacier,1.0,expert_human_final
3858,"/home/h3r0-k1ll3r/Downloads/hackBlox/Round02/data/train/undefined/pool_878cd6.jpg",5,street,1.0,expert_human_final
6322,"/home/h3r0-k1ll3r/Downloads/hackBlox/Round02/data/train/undefined/pool_f462b7.jpg",4,sea,1.0,expert_human_final
5581,"/home/h3r0-k1ll3r/Downloads/hackBlox/Round02/data/train/undefined/pool_d34c51.jpg",3,mountain,1.0,expert_human_final
5873,"/home/h3r0-k1ll3r/Downloads/hackBlox/Round02/data/train/undefined/pool_e0c255.jpg",3,mountain,1.0,expert_human_final
3569,"/home/h3r0-k1ll3r/Downloads/hackBlox/Round02/data/train/undefined/pool_7bb1e7.jpg",2,glacier,1.0,expert_human_final
6066,"/home/h3r0-k1ll3r/Downloads/hackBlox/Round02/data/train/undefined/pool_e8e8e8.jpg",3,mountain,1.0,expert_human_final
6498,"/home/h3r0-k1ll3r/Downloads/hackBlox/Round02/data/train/undefined/pool_fbc4ec.jpg",2,glacier,1.0,expert_human_final
5410,"/home/h3r0-k1ll3r/Downloads/hackBlox/Round02/data/train/undefined/pool_cb4f41.jpg",3,mountain,1.0,expert_human_final
4799,"/home/h3r0-k1ll3r/Downloads/hackBlox/Round02/data/train/undefined/pool_b09a6b.jpg",3,mountain,1.0,expert_human_final
5645,"/home/h3r0-k1ll3r/Downloads/hackBlox/Round02/data/train/undefined/pool_d5979c.jpg",3,mountain,1.0,expert_human_final
1792,"/home/h3r0-k1ll3r/Downloads/hackBlox/Round02/data/train/undefined/pool_32f096.jpg",3,mountain,1.0,expert_human_final
2701,"/home/h3r0-k1ll3r/Downloads/hackBlox/Round02/data/train/undefined/pool_5892b5.jpg",3,mountain,1.0,expert_human_final
1665,"/home/h3r0-k1ll3r/Downloads/hackBlox/Round02/data/train/undefined/pool_2e14b9.jpg",1,forest,1.0,expert_human_final
4095,"/home/h3r0-k1ll3r/Downloads/hackBlox/Round02/data/train/undefined/pool_92d21e.jpg",3,mountain,1.0,expert_human_final
3553,"/home/h3r0-k1ll3r/Downloads/hackBlox/Round02/data/train/undefined/pool_7b2659.jpg",3,mountain,1.0,expert_human_final
5537,"/home/h3r0-k1ll3r/Downloads/hackBlox/Round02/data/train/undefined/pool_d17093.jpg",2,glacier,1.0,expert_human_final
1934,"/home/h3r0-k1ll3r/Downloads/hackBlox/Round02/data/train/undefined/pool_385c01.jpg",3,mountain,1.0,expert_human_final
3032,"/home/h3r0-k1ll3r/Downloads/hackBlox/Round02/data/train/undefined/pool_6567a0.jpg",3,mountain,1.0,expert_human_final
2060,"/home/h3r0-k1ll3r/Downloads/hackBlox/Round02/data/train/undefined/pool_3d7ab2.jpg",4,sea,1.0,expert_human_final
1359,"/home/h3r0-k1ll3r/Downloads/hackBlox/Round02/data/train/undefined/pool_206155.jpg",3,mountain,1.0,expert_human_final
654,"/home/h3r0-k1ll3r/Downloads/hackBlox/Round02/data/train/undefined/pool_02b43d.jpg",4,sea,1.0,expert_human_final
1733,"/home/h3r0-k1ll3r/Downloads/hackBlox/Round02/data/train/undefined/pool_30e2a7.jpg",3,mountain,1.0,expert_human_final
5055,"/home/h3r0-k1ll3r/Downloads/hackBlox/Round02/data/train/undefined/pool_bb6b3e.jpg",3,mountain,1.0,expert_human_final
6410,"/home/h3r0-k1ll3r/Downloads/hackBlox/Round02/data/train/undefined/pool_f803e1.jpg",3,mountain,1.0,expert_human_final
3392,"/home/h3r0-k1ll3r/Downloads/hackBlox/Round02/data/train/undefined/pool_743965.jpg",2,glacier,1.0,expert_human_final
4965,"/home/h3r0-k1ll3r/Downloads/hackBlox/Round02/data/train/undefined/pool_b75694.jpg",3,mountain,1.0,expert_human_final
1719,"/home/h3r0-k1ll3r/Downloads/hackBlox/Round02/data/train/undefined/pool_305c5b.jpg",3,mountain,1.0,expert_human_final
1768,"/home/h3r0-k1ll3r/Downloads/hackBlox/Round02/data/train/undefined/pool_3241dc.jpg",4,sea,1.0,expert_human_final
2895,"/home/h3r0-k1ll3r/Downloads/hackBlox/Round02/data/train/undefined/pool_60affd.jpg",5,street,1.0,expert_human_final
4954,"/home/h3r0-k1ll3r/Downloads/hackBlox/Round02/data/train/undefined/pool_b6dfe8.jpg",0,buildings,1.0,expert_human_final
3465,"/home/h3r0-k1ll3r/Downloads/hackBlox/Round02/data/train/undefined/pool_77c0da.jpg",3,mountain,1.0,expert_human_final
2990,"/home/h3r0-k1ll3r/Downloads/hackBlox/Round02/data/train/undefined/pool_63cf8c.jpg",3,mountain,1.0,expert_human_final
2140,"/home/h3r0-k1ll3r/Downloads/hackBlox/Round02/data/train/undefined/pool_409498.jpg",3,mountain,1.0,expert_human_final
5577,"/home/h3r0-k1ll3r/Downloads/hackBlox/Round02/data/train/undefined/pool_d30d54.jpg",3,mountain,1.0,expert_human_final
2664,"/home/h3r0-k1ll3r/Downloads/hackBlox/Round02/data/train/undefined/pool_56dba7.jpg",0,buildings,1.0,expert_human_final
1232,"/home/h3r0-k1ll3r/Downloads/hackBlox/Round02/data/train/undefined/pool_1b1d26.jpg",3,mountain,1.0,expert_human_final
2028,"/home/h3r0-k1ll3r/Downloads/hackBlox/Round02/data/train/undefined/pool_3c6f6e.jpg",3,mountain,1.0,expert_human_final
2326,"/home/h3r0-k1ll3r/Downloads/hackBlox/Round02/data/train/undefined/pool_48631e.jpg",3,mountain,1.0,expert_human_final
667,"/home/h3r0-k1ll3r/Downloads/hackBlox/Round02/data/train/undefined/pool_0318e8.jpg",3,mountain,1.0,expert_human_final
5217,"/home/h3r0-k1ll3r/Downloads/hackBlox/Round02/data/train/undefined/pool_c34ddd.jpg",3,mountain,1.0,expert_human_final
2304,"/home/h3r0-k1ll3r/Downloads/hackBlox/Round02/data/train/undefined/pool_47b6cf.jpg",3,mountain,1.0,expert_human_final
2994,"/home/h3r0-k1ll3r/Downloads/hackBlox/Round02/data/train/undefined/pool_63f8a5.jpg",3,mountain,1.0,expert_human_final
1689,"/home/h3r0-k1ll3r/Downloads/hackBlox/Round02/data/train/undefined/pool_2f14f7.jpg",3,mountain,1.0,expert_human_final
5144,"/home/h3r0-k1ll3r/Downloads/hackBlox/Round02/data/train/undefined/pool_bf688b.jpg",3,mountain,1.0,expert_human_final
2815,"/home/h3r0-k1ll3r/Downloads/hackBlox/Round02/data/train/undefined/pool_5d3912.jpg",2,glacier,1.0,expert_human_final
3500,"/home/h3r0-k1ll3r/Downloads/hackBlox/Round02/data/train/undefined/pool_79256c.jpg",2,glacier,1.0,expert_human_final
3417,"/home/h3r0-k1ll3r/Downloads/hackBlox/Round02/data/train/undefined/pool_753811.jpg",5,street,1.0,expert_human_final
1674,"/home/h3r0-k1ll3r/Downloads/hackBlox/Round02/data/train/undefined/pool_2e7142.jpg",3,mountain,1.0,expert_human_final
6556,"/home/h3r0-k1ll3r/Downloads/hackBlox/Round02/data/train/undefined/pool_fea685.jpg",3,mountain,1.0,expert_human_final
2791,"/home/h3r0-k1ll3r/Downloads/hackBlox/Round02/data/train/undefined/pool_5c50db.jpg",3,mountain,1.0,expert_human_final
2974,"/home/h3r0-k1ll3r/Downloads/hackBlox/Round02/data/train/undefined/pool_636e1d.jpg",3,mountain,1.0,expert_human_final
4034,"/home/h3r0-k1ll3r/Downloads/hackBlox/Round02/data/train/undefined/pool_8fab8a.jpg",3,mountain,1.0,expert_human_final
3801,"/home/h3r0-k1ll3r/Downloads/hackBlox/Round02/data/train/undefined/pool_854a6a.jpg",2,glacier,1.0,expert_human_final
3557,"/home/h3r0-k1ll3r/Downloads/hackBlox/Round02/data/train/undefined/pool_7b5ad3.jpg",2,glacier,1.0,expert_human_final
3645,"/home/h3r0-k1ll3r/Downloads/hackBlox/Round02/data/train/undefined/pool_7eec63.jpg",2,glacier,1.0,expert_human_final
4148,"/home/h3r0-k1ll3r/Downloads/hackBlox/Round02/data/train/undefined/pool_94f306.jpg",3,mountain,1.0,expert_human_final
2766,"/home/h3r0-k1ll3r/Downloads/hackBlox/Round02/data/train/undefined/pool_5b2649.jpg",2,glacier,1.0,expert_human_final
1434,"/home/h3r0-k1ll3r/Downloads/hackBlox/Round02/data/train/undefined/pool_239e8b.jpg",2,glacier,1.0,expert_human_final
4299,"/home/h3r0-k1ll3r/Downloads/hackBlox/Round02/data/train/undefined/pool_9b75fd.jpg",3,mountain,1.0,expert_human_final
4208,"/home/h3r0-k1ll3r/Downloads/hackBlox/Round02/data/train/undefined/pool_9776b6.jpg",3,mountain,1.0,expert_human_final
6369,"/home/h3r0-k1ll3r/Downloads/hackBlox/Round02/data/train/undefined/pool_f664f7.jpg",2,glacier,1.0,expert_human_final
2190,"/home/h3r0-k1ll3r/Downloads/hackBlox/Round02/data/train/undefined/pool_431a24.jpg",3,mountain,1.0,expert_human_final
5113,"/home/h3r0-k1ll3r/Downloads/hackBlox/Round02/data/train/undefined/pool_be6a6a.jpg",3,mountain,1.0,expert_human_final
5725,"/home/h3r0-k1ll3r/Downloads/hackBlox/Round02/data/train/undefined/pool_d9b8db.jpg",2,glacier,1.0,expert_human_final
4886,"/home/h3r0-k1ll3r/Downloads/hackBlox/Round02/data/train/undefined/pool_b45f10.jpg",3,mountain,1.0,expert_human_final
6184,"/home/h3r0-k1ll3r/Downloads/hackBlox/Round02/data/train/undefined/pool_ede7b6.jpg",2,glacier,1.0,expert_human_final
3766,"/home/h3r0-k1ll3r/Downloads/hackBlox/Round02/data/train/undefined/pool_83d77d.jpg",5,street,1.0,expert_human_final
4847,"/home/h3r0-k1ll3r/Downloads/hackBlox/Round02/data/train/undefined/pool_b29d02.jpg",5,street,1.0,expert_human_final
2821,"/home/h3r0-k1ll3r/Downloads/hackBlox/Round02/data/train/undefined/pool_5d7ce6.jpg",4,sea,1.0,expert_human_final
1604,"/home/h3r0-k1ll3r/Downloads/hackBlox/Round02/data/train/undefined/pool_2b6939.jpg",3,mountain,1.0,expert_human_final
663,"/home/h3r0-k1ll3r/Downloads/hackBlox/Round02/data/train/undefined/pool_02f64e.jpg",3,mountain,1.0,expert_human_final
6222,"/home/h3r0-k1ll3r/Downloads/hackBlox/Round02/data/train/undefined/pool_ef7025.jpg",3,mountain,1.0,expert_human_final
3552,"/home/h3r0-k1ll3r/Downloads/hackBlox/Round02/data/train/undefined/pool_7b186f.jpg",5,street,1.0,expert_human_final
5740,"/home/h3r0-k1ll3r/Downloads/hackBlox/Round02/data/train/undefined/pool_da4801.jpg",3,mountain,1.0,expert_human_final
1580,"/home/h3r0-k1ll3r/Downloads/hackBlox/Round02/data/train/undefined/pool_2aa9f0.jpg",3,mountain,1.0,expert_human_final
2633,"/home/h3r0-k1ll3r/Downloads/hackBlox/Round02/data/train/undefined/pool_558892.jpg",0,buildings,1.0,expert_human_final
2516,"/home/h3r0-k1ll3r/Downloads/hackBlox/Round02/data/train/undefined/pool_50b16a.jpg",1,forest,1.0,expert_human_final
4693,"/home/h3r0-k1ll3r/Downloads/hackBlox/Round02/data/train/undefined/pool_aba80f.jpg",3,mountain,1.0,expert_human_final
6065,"/home/h3r0-k1ll3r/Downloads/hackBlox/Round02/data/train/undefined/pool_e8d8ce.jpg",3,mountain,1.0,expert_human_final
5758,"/home/h3r0-k1ll3r/Downloads/hackBlox/Round02/data/train/undefined/pool_dadef4.jpg",3,mountain,1.0,expert_human_final
6370,"/home/h3r0-k1ll3r/Downloads/hackBlox/Round02/data/train/undefined/pool_f6690b.jpg",3,mountain,1.0,expert_human_final
6551,"/home/h3r0-k1ll3r/Downloads/hackBlox/Round02/data/train/undefined/pool_fe55b0.jpg",3,mountain,1.0,expert_human_final
2676,"/home/h3r0-k1ll3r/Downloads/hackBlox/Round02/data/train/undefined/pool_575bfb.jpg",4,sea,1.0,expert_human_final
3171,"/home/h3r0-k1ll3r/Downloads/hackBlox/Round02/data/train/undefined/pool_6b123b.jpg",3,mountain,1.0,expert_human_final
1138,"/home/h3r0-k1ll3r/Downloads/hackBlox/Round02/data/train/undefined/pool_1749ca.jpg",3,mountain,1.0,expert_human_final
3952,"/home/h3r0-k1ll3r/Downloads/hackBlox/Round02/data/train/undefined/pool_8c1eb6.jpg",3,mountain,1.0,expert_human_final
679,"/home/h3r0-k1ll3r/Downloads/hackBlox/Round02/data/train/undefined/pool_042c2f.jpg",3,mountain,1.0,expert_human_final
6166,"/home/h3r0-k1ll3r/Downloads/hackBlox/Round02/data/train/undefined/pool_ecf22b.jpg",3,mountain,1.0,expert_human_final
4193,"/home/h3r0-k1ll3r/Downloads/hackBlox/Round02/data/train/undefined/pool_96d2a5.jpg",3,mountain,1.0,expert_human_final
3589,"/home/h3r0-k1ll3r/Downloads/hackBlox/Round02/data/train/undefined/pool_7cab39.jpg",3,mountain,1.0,expert_human_final
3326,"/home/h3r0-k1ll3r/Downloads/hackBlox/Round02/data/train/undefined/pool_71a3c6.jpg",3,mountain,1.0,expert_human_final
1664,"/home/h3r0-k1ll3r/Downloads/hackBlox/Round02/data/train/undefined/pool_2e1456.jpg",3,mountain,1.0,expert_human_final
1387,"/home/h3r0-k1ll3r/Downloads/hackBlox/Round02/data/train/undefined/pool_21b26b.jpg",3,mountain,1.0,expert_human_final
3013,"/home/h3r0-k1ll3r/Downloads/hackBlox/Round02/data/train/undefined/pool_64a7ca.jpg",3,mountain,1.0,expert_human_final
3464,"/home/h3r0-k1ll3r/Downloads/hackBlox/Round02/data/train/undefined/pool_77b318.jpg",3,mountain,1.0,expert_human_final
3502,"/home/h3r0-k1ll3r/Downloads/hackBlox/Round02/data/train/undefined/pool_79307d.jpg",3,mountain,1.0,expert_human_final
3813,"/home/h3r0-k1ll3r/Downloads/hackBlox/Round02/data/train/undefined/pool_859884.jpg",3,mountain,1.0,expert_human_final
3494,"/home/h3r0-k1ll3r/Downloads/hackBlox/Round02/data/train/undefined/pool_78f757.jpg",3,mountain,1.0,expert_human_final
2208,"/home/h3r0-k1ll3r/Downloads/hackBlox/Round02/data/train/undefined/pool_43aa62.jpg",3,mountain,1.0,expert_human_final
3095,"/home/h3r0-k1ll3r/Downloads/hackBlox/Round02/data/train/undefined/pool_6859ff.jpg",3,mountain,1.0,expert_human_final
2502,"/home/h3r0-k1ll3r/Downloads/hackBlox/Round02/data/train/undefined/pool_504b36.jpg",5,street,1.0,expert_human_final
2235,"/home/h3r0-k1ll3r/Downloads/hackBlox/Round02/data/train/undefined/pool_449265.jpg",3,mountain,1.0,expert_human_final
2037,"/home/h3r0-k1ll3r/Downloads/hackBlox/Round02/data/train/undefined/pool_3caebc.jpg",3,mountain,1.0,expert_human_final
1194,"/home/h3r0-k1ll3r/Downloads/hackBlox/Round02/data/train/undefined/pool_19b032.jpg",3,mountain,1.0,expert_human_final
604,"/home/h3r0-k1ll3r/Downloads/hackBlox/Round02/data/train/undefined/pool_002e9d.jpg",3,mountain,1.0,expert_human_final
4176,"/home/h3r0-k1ll3r/Downloads/hackBlox/Round02/data/train/undefined/pool_960637.jpg",3,mountain,1.0,expert_human_final
2095,"/home/h3r0-k1ll3r/Downloads/hackBlox/Round02/data/train/undefined/pool_3ec960.jpg",4,sea,1.0,expert_human_final
2462,"/home/h3r0-k1ll3r/Downloads/hackBlox/Round02/data/train/undefined/pool_4e1e1c.jpg",3,mountain,1.0,expert_human_final
1133,"/home/h3r0-k1ll3r/Downloads/hackBlox/Round02/data/train/undefined/pool_16fda8.jpg",3,mountain,1.0,expert_human_final
1219,"/home/h3r0-k1ll3r/Downloads/hackBlox/Round02/data/train/undefined/pool_1a997d.jpg",3,mountain,1.0,expert_human_final
4144,"/home/h3r0-k1ll3r/Downloads/hackBlox/Round02/data/train/undefined/pool_94d7e4.jpg",0,buildings,1.0,expert_human_final
3116,"/home/h3r0-k1ll3r/Downloads/hackBlox/Round02/data/train/undefined/pool_68e582.jpg",3,mountain,1.0,expert_human_final
2137,"/home/h3r0-k1ll3r/Downloads/hackBlox/Round02/data/train/undefined/pool_407add.jpg",3,mountain,1.0,expert_human_final
6532,"/home/h3r0-k1ll3r/Downloads/hackBlox/Round02/data/train/undefined/pool_fd616e.jpg",3,mountain,1.0,expert_human_final
1137,"/home/h3r0-k1ll3r/Downloads/hackBlox/Round02/data/train/undefined/pool_1742b5.jpg",3,mountain,1.0,expert_human_final
4805,"/home/h3r0-k1ll3r/Downloads/hackBlox/Round02/data/train/undefined/pool_b0c1d2.jpg",3,mountain,1.0,expert_human_final
5574,"/home/h3r0-k1ll3r/Downloads/hackBlox/Round02/data/train/undefined/pool_d2f0d9.jpg",3,mountain,1.0,expert_human_final
1556,"/home/h3r0-k1ll3r/Downloads/hackBlox/Round02/data/train/undefined/pool_297dbf.jpg",3,mountain,1.0,expert_human_final
3845,"/home/h3r0-k1ll3r/Downloads/hackBlox/Round02/data/train/undefined/pool_8706b3.jpg",3,mountain,1.0,expert_human_final
6257,"/home/h3r0-k1ll3r/Downloads/hackBlox/Round02/data/train/undefined/pool_f14d03.jpg",3,mountain,1.0,expert_human_final
711,"/home/h3r0-k1ll3r/Downloads/hackBlox/Round02/data/train/undefined/pool_0568d6.jpg",3,mountain,1.0,expert_human_final
1051,"/home/h3r0-k1ll3r/Downloads/hackBlox/Round02/data/train/undefined/pool_13683a.jpg",3,mountain,1.0,expert_human_final
3029,"/home/h3r0-k1ll3r/Downloads/hackBlox/Round02/data/train/undefined/pool_654632.jpg",3,mountain,1.0,expert_human_final
1594,"/home/h3r0-k1ll3r/Downloads/hackBlox/Round02/data/train/undefined/pool_2b1cf3.jpg",3,mountain,1.0,expert_human_final
5687,"/home/h3r0-k1ll3r/Downloads/hackBlox/Round02/data/train/undefined/pool_d7ac31.jpg",3,mountain,1.0,expert_human_final
4726,"/home/h3r0-k1ll3r/Downloads/hackBlox/Round02/data/train/undefined/pool_ad3ab3.jpg",3,mountain,1.0,expert_human_final
3283,"/home/h3r0-k1ll3r/Downloads/hackBlox/Round02/data/train/undefined/pool_6f9df0.jpg",3,mountain,1.0,expert_human_final
3382,"/home/h3r0-k1ll3r/Downloads/hackBlox/Round02/data/train/undefined/pool_73ddea.jpg",3,mountain,1.0,expert_human_final
3044,"/home/h3r0-k1ll3r/Downloads/hackBlox/Round02/data/train/undefined/pool_662fdd.jpg",3,mountain,1.0,expert_human_final
807,"/home/h3r0-k1ll3r/Downloads/hackBlox/Round02/data/train/undefined/pool_093ee9.jpg",4,sea,1.0,expert_human_final
4602,"/home/h3r0-k1ll3r/Downloads/hackBlox/Round02/data/train/undefined/pool_a8b0d3.jpg",3,mountain,1.0,expert_human_final
2042,"/home/h3r0-k1ll3r/Downloads/hackBlox/Round02/data/train/undefined/pool_3cdfd5.jpg",0,buildings,1.0,expert_human_final
4243,"/home/h3r0-k1ll3r/Downloads/hackBlox/Round02/data/train/undefined/pool_991c8c.jpg",3,mountain,1.0,expert_human_final
3753,"/home/h3r0-k1ll3r/Downloads/hackBlox/Round02/data/train/undefined/pool_8331be.jpg",3,mountain,1.0,expert_human_final
2689,"/home/h3r0-k1ll3r/Downloads/hackBlox/Round02/data/train/undefined/pool_57e37f.jpg",3,mountain,1.0,expert_human_final
2700,"/home/h3r0-k1ll3r/Downloads/hackBlox/Round02/data/train/undefined/pool_587516.jpg",3,mountain,1.0,expert_human_final
6163,"/home/h3r0-k1ll3r/Downloads/hackBlox/Round02/data/train/undefined/pool_ece8a0.jpg",3,mountain,1.0,expert_human_final
1765,"/home/h3r0-k1ll3r/Downloads/hackBlox/Round02/data/train/undefined/pool_32111c.jpg",3,mountain,1.0,expert_human_final
6023,"/home/h3r0-k1ll3r/Downloads/hackBlox/Round02/data/train/undefined/pool_e6f615.jpg",2,glacier,1.0,expert_human_final
4075,"/home/h3r0-k1ll3r/Downloads/hackBlox/Round02/data/train/undefined/pool_917a7f.jpg",3,mountain,1.0,expert_human_final
4428,"/home/h3r0-k1ll3r/Downloads/hackBlox/Round02/data/train/undefined/pool_a1777c.jpg",3,mountain,1.0,expert_human_final
5774,"/home/h3r0-k1ll3r/Downloads/hackBlox/Round02/data/train/undefined/pool_dba42f.jpg",3,mountain,1.0,expert_human_final
1992,"/home/h3r0-k1ll3r/Downloads/hackBlox/Round02/data/train/undefined/pool_3a97e1.jpg",3,mountain,1.0,expert_human_final
5641,"/home/h3r0-k1ll3r/Downloads/hackBlox/Round02/data/train/undefined/pool_d56b8c.jpg",3,mountain,1.0,expert_human_final
4310,"/home/h3r0-k1ll3r/Downloads/hackBlox/Round02/data/train/undefined/pool_9bfe2e.jpg",3,mountain,1.0,expert_human_final
1913,"/home/h3r0-k1ll3r/Downloads/hackBlox/Round02/data/train/undefined/pool_373997.jpg",3,mountain,1.0,expert_human_final
5498,"/home/h3r0-k1ll3r/Downloads/hackBlox/Round02/data/train/undefined/pool_cf9bfb.jpg",3,mountain,1.0,expert_human_final
6208,"/home/h3r0-k1ll3r/Downloads/hackBlox/Round02/data/train/undefined/pool_ef131c.jpg",3,mountain,1.0,expert_human_final
5441,"/home/h3r0-k1ll3r/Downloads/hackBlox/Round02/data/train/undefined/pool_cc9a18.jpg",3,mountain,1.0,expert_human_final
5214,"/home/h3r0-k1ll3r/Downloads/hackBlox/Round02/data/train/undefined/pool_c31213.jpg",3,mountain,1.0,expert_human_final
6396,"/home/h3r0-k1ll3r/Downloads/hackBlox/Round02/data/train/undefined/pool_f7861a.jpg",4,sea,1.0,expert_human_final
2363,"/home/h3r0-k1ll3r/Downloads/hackBlox/Round02/data/train/undefined/pool_4a57d8.jpg",4,sea,1.0,expert_human_final
3049,"/home/h3r0-k1ll3r/Downloads/hackBlox/Round02/data/train/undefined/pool_667124.jpg",4,sea,1.0,expert_human_final
5209,"/home/h3r0-k1ll3r/Downloads/hackBlox/Round02/data/train/undefined/pool_c2a9ac.jpg",4,sea,1.0,expert_human_final
5303,"/home/h3r0-k1ll3r/Downloads/hackBlox/Round02/data/train/undefined/pool_c69784.jpg",4,sea,1.0,expert_human_final
2402,"/home/h3r0-k1ll3r/Downloads/hackBlox/Round02/data/train/undefined/pool_4c09f2.jpg",4,sea,1.0,expert_human_final
3773,"/home/h3r0-k1ll3r/Downloads/hackBlox/Round02/data/train/undefined/pool_84034d.jpg",4,sea,1.0,expert_human_final
1696,"/home/h3r0-k1ll3r/Downloads/hackBlox/Round02/data/train/undefined/pool_2f5f8b.jpg",3,mountain,1.0,expert_human_final
6170,"/home/h3r0-k1ll3r/Downloads/hackBlox/Round02/data/train/undefined/pool_ed1f00.jpg",3,mountain,1.0,expert_human_final
1435,"/home/h3r0-k1ll3r/Downloads/hackBlox/Round02/data/train/undefined/pool_23aba2.jpg",5,street,1.0,expert_human_final
5239,"/home/h3r0-k1ll3r/Downloads/hackBlox/Round02/data/train/undefined/pool_c419e8.jpg",3,mountain,1.0,expert_human_final
5317,"/home/h3r0-k1ll3r/Downloads/hackBlox/Round02/data/train/undefined/pool_c718ad.jpg",4,sea,1.0,expert_human_final
4495,"/home/h3r0-k1ll3r/Downloads/hackBlox/Round02/data/train/undefined/pool_a4390d.jpg",0,buildings,1.0,expert_human_final
3654,"/home/h3r0-k1ll3r/Downloads/hackBlox/Round02/data/train/undefined/pool_7f8ea4.jpg",4,sea,1.0,expert_human_final
976,"/home/h3r0-k1ll3r/Downloads/hackBlox/Round02/data/train/undefined/pool_104b84.jpg",4,sea,1.0,expert_human_final
1599,"/home/h3r0-k1ll3r/Downloads/hackBlox/Round02/data/train/undefined/pool_2b39ff.jpg",4,sea,1.0,expert_human_final
3909,"/home/h3r0-k1ll3r/Downloads/hackBlox/Round02/data/train/undefined/pool_8a06ac.jpg",0,buildings,1.0,expert_human_final
4668,"/home/h3r0-k1ll3r/Downloads/hackBlox/Round02/data/train/undefined/pool_aab0f6.jpg",0,buildings,1.0,expert_human_final
3976,"/home/h3r0-k1ll3r/Downloads/hackBlox/Round02/data/train/undefined/pool_8d1dca.jpg",4,sea,1.0,expert_human_final
2996,"/home/h3r0-k1ll3r/Downloads/hackBlox/Round02/data/train/undefined/pool_640102.jpg",3,mountain,1.0,expert_human_final
5110,"/home/h3r0-k1ll3r/Downloads/hackBlox/Round02/data/train/undefined/pool_be4a65.jpg",3,mountain,1.0,expert_human_final
3992,"/home/h3r0-k1ll3r/Downloads/hackBlox/Round02/data/train/undefined/pool_8da6bd.jpg",4,sea,1.0,expert_human_final
4149,"/home/h3r0-k1ll3r/Downloads/hackBlox/Round02/data/train/undefined/pool_94f41f.jpg",3,mountain,1.0,expert_human_final
4756,"/home/h3r0-k1ll3r/Downloads/hackBlox/Round02/data/train/undefined/pool_aec6c3.jpg",3,mountain,1.0,expert_human_final
6487,"/home/h3r0-k1ll3r/Downloads/hackBlox/Round02/data/train/undefined/pool_fb2618.jpg",3,mountain,1.0,expert_human_final
3835,"/home/h3r0-k1ll3r/Downloads/hackBlox/Round02/data/train/undefined/pool_86b1d9.jpg",2,glacier,1.0,expert_human_final
2820,"/home/h3r0-k1ll3r/Downloads/hackBlox/Round02/data/train/undefined/pool_5d77d1.jpg",4,sea,1.0,expert_human_final
6102,"/home/h3r0-k1ll3r/Downloads/hackBlox/Round02/data/train/undefined/pool_eae596.jpg",4,sea,1.0,expert_human_final
1583,"/home/h3r0-k1ll3r/Downloads/hackBlox/Round02/data/train/undefined/pool_2ae561.jpg",4,sea,1.0,expert_human_final
3959,"/home/h3r0-k1ll3r/Downloads/hackBlox/Round02/data/train/undefined/pool_8c747e.jpg",3,mountain,1.0,expert_human_final
1166,"/home/h3r0-k1ll3r/Downloads/hackBlox/Round02/data/train/undefined/pool_187ef7.jpg",4,sea,1.0,expert_human_final
5329,"/home/h3r0-k1ll3r/Downloads/hackBlox/Round02/data/train/undefined/pool_c7db2a.jpg",3,mountain,1.0,expert_human_final
6095,"/home/h3r0-k1ll3r/Downloads/hackBlox/Round02/data/train/undefined/pool_ea7a82.jpg",0,buildings,1.0,expert_human_final
2598,"/home/h3r0-k1ll3r/Downloads/hackBlox/Round02/data/train/undefined/pool_54581a.jpg",1,forest,1.0,expert_human_final
4084,"/home/h3r0-k1ll3r/Downloads/hackBlox/Round02/data/train/undefined/pool_921e1e.jpg",3,mountain,1.0,expert_human_final
6597,"/home/h3r0-k1ll3r/Downloads/hackBlox/Round02/data/train/undefined/pool_ffeee7.jpg",2,glacier,1.0,expert_human_final
2743,"/home/h3r0-k1ll3r/Downloads/hackBlox/Round02/data/train/undefined/pool_5a3794.jpg",3,mountain,1.0,expert_human_final
1629,"/home/h3r0-k1ll3r/Downloads/hackBlox/Round02/data/train/undefined/pool_2cbe8a.jpg",3,mountain,1.0,expert_human_final
6408,"/home/h3r0-k1ll3r/Downloads/hackBlox/Round02/data/train/undefined/pool_f7d6c5.jpg",3,mountain,1.0,expert_human_final
2601,"/home/h3r0-k1ll3r/Downloads/hackBlox/Round02/data/train/undefined/pool_5469b2.jpg",3,mountain,1.0,expert_human_final
2236,"/home/h3r0-k1ll3r/Downloads/hackBlox/Round02/data/train/undefined/pool_449918.jpg",0,buildings,1.0,expert_human_final
3669,"/home/h3r0-k1ll3r/Downloads/hackBlox/Round02/data/train/undefined/pool_80011f.jpg",4,sea,1.0,expert_human_final
4382,"/home/h3r0-k1ll3r/Downloads/hackBlox/Round02/data/train/undefined/pool_9f8303.jpg",4,sea,1.0,expert_human_final
5993,"/home/h3r0-k1ll3r/Downloads/hackBlox/Round02/data/train/undefined/pool_e5b3bb.jpg",4,sea,1.0,expert_human_final
5834,"/home/h3r0-k1ll3r/Downloads/hackBlox/Round02/data/train/undefined/pool_de6e68.jpg",4,sea,1.0,expert_human_final
4930,"/home/h3r0-k1ll3r/Downloads/hackBlox/Round02/data/train/undefined/pool_b6271c.jpg",3,mountain,1.0,expert_human_final
3275,"/home/h3r0-k1ll3r/Downloads/hackBlox/Round02/data/train/undefined/pool_6f606b.jpg",4,sea,1.0,expert_human_final
5062,"/home/h3r0-k1ll3r/Downloads/hackBlox/Round02/data/train/undefined/pool_bbc94a.jpg",3,mountain,1.0,expert_human_final
4300,"/home/h3r0-k1ll3r/Downloads/hackBlox/Round02/data/train/undefined/pool_9b8e12.jpg",3,mountain,1.0,expert_human_final
3206,"/home/h3r0-k1ll3r/Downloads/hackBlox/Round02/data/train/undefined/pool_6c8cc6.jpg",3,mountain,1.0,expert_human_final
770,"/home/h3r0-k1ll3r/Downloads/hackBlox/Round02/data/train/undefined/pool_07a22a.jpg",3,mountain,1.0,expert_human_final
6590,"/home/h3r0-k1ll3r/Downloads/hackBlox/Round02/data/train/undefined/pool_ffab67.jpg",3,mountain,1.0,expert_human_final
4739,"/home/h3r0-k1ll3r/Downloads/hackBlox/Round02/data/train/undefined/pool_addc03.jpg",0,buildings,1.0,expert_human_final
4409,"/home/h3r0-k1ll3r/Downloads/hackBlox/Round02/data/train/undefined/pool_a0ab49.jpg",4,sea,1.0,expert_human_final
3849,"/home/h3r0-k1ll3r/Downloads/hackBlox/Round02/data/train/undefined/pool_874c95.jpg",3,mountain,1.0,expert_human_final
4706,"/home/h3r0-k1ll3r/Downloads/hackBlox/Round02/data/train/undefined/pool_ac4c40.jpg",3,mountain,1.0,expert_human_final
3757,"/home/h3r0-k1ll3r/Downloads/hackBlox/Round02/data/train/undefined/pool_836bcc.jpg",3,mountain,1.0,expert_human_final
6298,"/home/h3r0-k1ll3r/Downloads/hackBlox/Round02/data/train/undefined/pool_f344e8.jpg",0,buildings,1.0,expert_human_final
4607,"/home/h3r0-k1ll3r/Downloads/hackBlox/Round02/data/train/undefined/pool_a8c487.jpg",4,sea,1.0,expert_human_final
5200,"/home/h3r0-k1ll3r/Downloads/hackBlox/Round02/data/train/undefined/pool_c253d8.jpg",4,sea,1.0,expert_human_final
1916,"/home/h3r0-k1ll3r/Downloads/hackBlox/Round02/data/train/undefined/pool_376a28.jpg",0,buildings,1.0,expert_human_final
4113,"/home/h3r0-k1ll3r/Downloads/hackBlox/Round02/data/train/undefined/pool_93bf80.jpg",3,mountain,1.0,expert_human_final
4362,"/home/h3r0-k1ll3r/Downloads/hackBlox/Round02/data/train/undefined/pool_9e4b09.jpg",4,sea,1.0,expert_human_final
2122,"/home/h3r0-k1ll3r/Downloads/hackBlox/Round02/data/train/undefined/pool_3fc119.jpg",4,sea,1.0,expert_human_final
5882,"/home/h3r0-k1ll3r/Downloads/hackBlox/Round02/data/train/undefined/pool_e137b1.jpg",4,sea,1.0,expert_human_final
2220,"/home/h3r0-k1ll3r/Downloads/hackBlox/Round02/data/train/undefined/pool_443449.jpg",4,sea,1.0,expert_human_final
3463,"/home/h3r0-k1ll3r/Downloads/hackBlox/Round02/data/train/undefined/pool_77b1d6.jpg",3,mountain,1.0,expert_human_final
3495,"/home/h3r0-k1ll3r/Downloads/hackBlox/Round02/data/train/undefined/pool_790846.jpg",3,mountain,1.0,expert_human_final
4407,"/home/h3r0-k1ll3r/Downloads/hackBlox/Round02/data/train/undefined/pool_a09fb2.jpg",4,sea,1.0,expert_human_final
1850,"/home/h3r0-k1ll3r/Downloads/hackBlox/Round02/data/train/undefined/pool_352d43.jpg",4,sea,1.0,expert_human_final
6462,"/home/h3r0-k1ll3r/Downloads/hackBlox/Round02/data/train/undefined/pool_fa9692.jpg",3,mountain,1.0,expert_human_final
2383,"/home/h3r0-k1ll3r/Downloads/hackBlox/Round02/data/train/undefined/pool_4b6cfa.jpg",3,mountain,1.0,expert_human_final
2347,"/home/h3r0-k1ll3r/Downloads/hackBlox/Round02/data/train/undefined/pool_4976eb.jpg",3,mountain,1.0,expert_human_final
820,"/home/h3r0-k1ll3r/Downloads/hackBlox/Round02/data/train/undefined/pool_09f0df.jpg",5,street,1.0,expert_human_final
2694,"/home/h3r0-k1ll3r/Downloads/hackBlox/Round02/data/train/undefined/pool_58235c.jpg",4,sea,1.0,expert_human_final
5722,"/home/h3r0-k1ll3r/Downloads/hackBlox/Round02/data/train/undefined/pool_d97fa2.jpg",0,buildings,1.0,expert_human_final
4033,"/home/h3r0-k1ll3r/Downloads/hackBlox/Round02/data/train/undefined/pool_8f9a7f.jpg",3,mountain,1.0,expert_human_final
4281,"/home/h3r0-k1ll3r/Downloads/hackBlox/Round02/data/train/undefined/pool_9a88b4.jpg",3,mountain,1.0,expert_human_final
5289,"/home/h3r0-k1ll3r/Downloads/hackBlox/Round02/data/train/undefined/pool_c637d3.jpg",4,sea,1.0,expert_human_final
2114,"/home/h3r0-k1ll3r/Downloads/hackBlox/Round02/data/train/undefined/pool_3f8282.jpg",3,mountain,1.0,expert_human_final
1994,"/home/h3r0-k1ll3r/Downloads/hackBlox/Round02/data/train/undefined/pool_3aaa19.jpg",3,mountain,1.0,expert_human_final
6502,"/home/h3r0-k1ll3r/Downloads/hackBlox/Round02/data/train/undefined/pool_fc0750.jpg",3,mountain,1.0,expert_human_final
1467,"/home/h3r0-k1ll3r/Downloads/hackBlox/Round02/data/train/undefined/pool_254c26.jpg",4,sea,1.0,expert_human_final
3009,"/home/h3r0-k1ll3r/Downloads/hackBlox/Round02/data/train/undefined/pool_648213.jpg",4,sea,1.0,expert_human_final
3853,"/home/h3r0-k1ll3r/Downloads/hackBlox/Round02/data/train/undefined/pool_875633.jpg",5,street,1.0,expert_human_final
3328,"/home/h3r0-k1ll3r/Downloads/hackBlox/Round02/data/train/undefined/pool_71b4ba.jpg",4,sea,1.0,expert_human_final
752,"/home/h3r0-k1ll3r/Downloads/hackBlox/Round02/data/train/undefined/pool_070855.jpg",1,forest,1.0,expert_human_final
4933,"/home/h3r0-k1ll3r/Downloads/hackBlox/Round02/data/train/undefined/pool_b63c3a.jpg",4,sea,1.0,expert_human_final
2933,"/home/h3r0-k1ll3r/Downloads/hackBlox/Round02/data/train/undefined/pool_61c49b.jpg",3,mountain,1.0,expert_human_final
3134,"/home/h3r0-k1ll3r/Downloads/hackBlox/Round02/data/train/undefined/pool_69a151.jpg",3,mountain,1.0,expert_human_final
4343,"/home/h3r0-k1ll3r/Downloads/hackBlox/Round02/data/train/undefined/pool_9da434.jpg",1,forest,1.0,expert_human_final
2929,"/home/h3r0-k1ll3r/Downloads/hackBlox/Round02/data/train/undefined/pool_619477.jpg",3,mountain,1.0,expert_human_final
5561,"/home/h3r0-k1ll3r/Downloads/hackBlox/Round02/data/train/undefined/pool_d2522e.jpg",2,glacier,1.0,expert_human_final
935,"/home/h3r0-k1ll3r/Downloads/hackBlox/Round02/data/train/undefined/pool_0eb41a.jpg",5,street,1.0,expert_human_final
601,"/home/h3r0-k1ll3r/Downloads/hackBlox/Round02/data/train/undefined/pool_000982.jpg",3,mountain,1.0,expert_human_final
5355,"/home/h3r0-k1ll3r/Downloads/hackBlox/Round02/data/train/undefined/pool_c90aa2.jpg",5,street,1.0,expert_human_final
1491,"/home/h3r0-k1ll3r/Downloads/hackBlox/Round02/data/train/undefined/pool_264381.jpg",3,mountain,1.0,expert_human_final
2574,"/home/h3r0-k1ll3r/Downloads/hackBlox/Round02/data/train/undefined/pool_53509d.jpg",5,street,1.0,expert_human_final
3752,"/home/h3r0-k1ll3r/Downloads/hackBlox/Round02/data/train/undefined/pool_832f5e.jpg",1,forest,1.0,expert_human_final
3043,"/home/h3r0-k1ll3r/Downloads/hackBlox/Round02/data/train/undefined/pool_6608be.jpg",3,mountain,1.0,expert_human_final
1658,"/home/h3r0-k1ll3r/Downloads/hackBlox/Round02/data/train/undefined/pool_2de51f.jpg",5,street,1.0,expert_human_final
2523,"/home/h3r0-k1ll3r/Downloads/hackBlox/Round02/data/train/undefined/pool_5106ef.jpg",5,street,1.0,expert_human_final
5717,"/home/h3r0-k1ll3r/Downloads/hackBlox/Round02/data/train/undefined/pool_d94902.jpg",5,street,1.0,expert_human_final
964,"/home/h3r0-k1ll3r/Downloads/hackBlox/Round02/data/train/undefined/pool_0fea7e.jpg",0,buildings,1.0,expert_human_final
1622,"/home/h3r0-k1ll3r/Downloads/hackBlox/Round02/data/train/undefined/pool_2c78a8.jpg",0,buildings,1.0,expert_human_final
6342,"/home/h3r0-k1ll3r/Downloads/hackBlox/Round02/data/train/undefined/pool_f54431.jpg",3,mountain,1.0,expert_human_final
6250,"/home/h3r0-k1ll3r/Downloads/hackBlox/Round02/data/train/undefined/pool_f0fc0b.jpg",1,forest,1.0,expert_human_final
4830,"/home/h3r0-k1ll3r/Downloads/hackBlox/Round02/data/train/undefined/pool_b1c84c.jpg",3,mountain,1.0,expert_human_final
3873,"/home/h3r0-k1ll3r/Downloads/hackBlox/Round02/data/train/undefined/pool_8854ce.jpg",0,buildings,1.0,expert_human_final
3289,"/home/h3r0-k1ll3r/Downloads/hackBlox/Round02/data/train/undefined/pool_70243f.jpg",1,forest,1.0,expert_human_final
4133,"/home/h3r0-k1ll3r/Downloads/hackBlox/Round02/data/train/undefined/pool_9462d8.jpg",3,mountain,1.0,expert_human_final
6103,"/home/h3r0-k1ll3r/Downloads/hackBlox/Round02/data/train/undefined/pool_eae5a3.jpg",3,mountain,1.0,expert_human_final
747,"/home/h3r0-k1ll3r/Downloads/hackBlox/Round02/data/train/undefined/pool_06dec0.jpg",0,buildings,1.0,expert_human_final
3397,"/home/h3r0-k1ll3r/Downloads/hackBlox/Round02/data/train/undefined/pool_747932.jpg",5,street,1.0,expert_human_final
2524,"/home/h3r0-k1ll3r/Downloads/hackBlox/Round02/data/train/undefined/pool_51132a.jpg",5,street,1.0,expert_human_final
4370,"/home/h3r0-k1ll3r/Downloads/hackBlox/Round02/data/train/undefined/pool_9e8890.jpg",5,street,1.0,expert_human_final
6314,"/home/h3r0-k1ll3r/Downloads/hackBlox/Round02/data/train/undefined/pool_f3fca0.jpg",3,mountain,1.0,expert_human_final
6377,"/home/h3r0-k1ll3r/Downloads/hackBlox/Round02/data/train/undefined/pool_f6a54e.jpg",5,street,1.0,expert_human_final
1297,"/home/h3r0-k1ll3r/Downloads/hackBlox/Round02/data/train/undefined/pool_1e2a7a.jpg",0,buildings,1.0,expert_human_final
5668,"/home/h3r0-k1ll3r/Downloads/hackBlox/Round02/data/train/undefined/pool_d6cc66.jpg",5,street,1.0,expert_human_final
4626,"/home/h3r0-k1ll3r/Downloads/hackBlox/Round02/data/train/undefined/pool_a97999.jpg",3,mountain,1.0,expert_human_final
5643,"/home/h3r0-k1ll3r/Downloads/hackBlox/Round02/data/train/undefined/pool_d58de2.jpg",0,buildings,1.0,expert_human_final
6058,"/home/h3r0-k1ll3r/Downloads/hackBlox/Round02/data/train/undefined/pool_e88564.jpg",5,street,1.0,expert_human_final
4831,"/home/h3r0-k1ll3r/Downloads/hackBlox/Round02/data/train/undefined/pool_b1d0b2.jpg",0,buildings,1.0,expert_human_final
1551,"/home/h3r0-k1ll3r/Downloads/hackBlox/Round02/data/train/undefined/pool_2930d1.jpg",5,street,1.0,expert_human_final
802,"/home/h3r0-k1ll3r/Downloads/hackBlox/Round02/data/train/undefined/pool_08ec0a.jpg",1,forest,1.0,expert_human_final
5690,"/home/h3r0-k1ll3r/Downloads/hackBlox/Round02/data/train/undefined/pool_d7c9e6.jpg",5,street,1.0,expert_human_final
2620,"/home/h3r0-k1ll3r/Downloads/hackBlox/Round02/data/train/undefined/pool_55139b.jpg",5,street,1.0,expert_human_final
5029,"/home/h3r0-k1ll3r/Downloads/hackBlox/Round02/data/train/undefined/pool_ba48a2.jpg",5,street,1.0,expert_human_final
3168,"/home/h3r0-k1ll3r/Downloads/hackBlox/Round02/data/train/undefined/pool_6add2a.jpg",1,forest,1.0,expert_human_final
4868,"/home/h3r0-k1ll3r/Downloads/hackBlox/Round02/data/train/undefined/pool_b3a6e6.jpg",4,sea,1.0,expert_human_final
3053,"/home/h3r0-k1ll3r/Downloads/hackBlox/Round02/data/train/undefined/pool_668577.jpg",0,buildings,1.0,expert_human_final
4751,"/home/h3r0-k1ll3r/Downloads/hackBlox/Round02/data/train/undefined/pool_ae91ab.jpg",0,buildings,1.0,expert_human_final
1270,"/home/h3r0-k1ll3r/Downloads/hackBlox/Round02/data/train/undefined/pool_1ce458.jpg",0,buildings,1.0,expert_human_final
3453,"/home/h3r0-k1ll3r/Downloads/hackBlox/Round02/data/train/undefined/pool_771ab6.jpg",3,mountain,1.0,expert_human_final
1441,"/home/h3r0-k1ll3r/Downloads/hackBlox/Round02/data/train/undefined/pool_23fbee.jpg",5,street,1.0,expert_human_final
676,"/home/h3r0-k1ll3r/Downloads/hackBlox/Round02/data/train/undefined/pool_03f303.jpg",5,street,1.0,expert_human_final
2147,"/home/h3r0-k1ll3r/Downloads/hackBlox/Round02/data/train/undefined/pool_40fcc9.jpg",1,forest,1.0,expert_human_final
1116,"/home/h3r0-k1ll3r/Downloads/hackBlox/Round02/data/train/undefined/pool_161f02.jpg",0,buildings,1.0,expert_human_final
5549,"/home/h3r0-k1ll3r/Downloads/hackBlox/Round02/data/train/undefined/pool_d1e94b.jpg",0,buildings,1.0,expert_human_final
2545,"/home/h3r0-k1ll3r/Downloads/hackBlox/Round02/data/train/undefined/pool_51e046.jpg",1,forest,1.0,expert_human_final
1846,"/home/h3r0-k1ll3r/Downloads/hackBlox/Round02/data/train/undefined/pool_350795.jpg",4,sea,1.0,expert_human_final
2655,"/home/h3r0-k1ll3r/Downloads/hackBlox/Round02/data/train/undefined/pool_566d71.jpg",5,street,1.0,expert_human_final
665,"/home/h3r0-k1ll3r/Downloads/hackBlox/Round02/data/train/undefined/pool_03170d.jpg",5,street,1.0,expert_human_final
5419,"/home/h3r0-k1ll3r/Downloads/hackBlox/Round02/data/train/undefined/pool_cbb5c5.jpg",0,buildings,1.0,expert_human_final
4900,"/home/h3r0-k1ll3r/Downloads/hackBlox/Round02/data/train/undefined/pool_b4f19a.jpg",5,street,1.0,expert_human_final
3576,"/home/h3r0-k1ll3r/Downloads/hackBlox/Round02/data/train/undefined/pool_7bff59.jpg",5,street,1.0,expert_human_final
5493,"/home/h3r0-k1ll3r/Downloads/hackBlox/Round02/data/train/undefined/pool_cf6be8.jpg",0,buildings,1.0,expert_human_final
6148,"/home/h3r0-k1ll3r/Downloads/hackBlox/Round02/data/train/undefined/pool_ec3c0d.jpg",5,street,1.0,expert_human_final
1230,"/home/h3r0-k1ll3r/Downloads/hackBlox/Round02/data/train/undefined/pool_1b0fd6.jpg",0,buildings,1.0,expert_human_final
2736,"/home/h3r0-k1ll3r/Downloads/hackBlox/Round02/data/train/undefined/pool_59e815.jpg",2,glacier,1.0,expert_human_final
6027,"/home/h3r0-k1ll3r/Downloads/hackBlox/Round02/data/train/undefined/pool_e7157a.jpg",0,buildings,1.0,expert_human_final
3113,"/home/h3r0-k1ll3r/Downloads/hackBlox/Round02/data/train/undefined/pool_68c54c.jpg",5,street,1.0,expert_human_final
3060,"/home/h3r0-k1ll3r/Downloads/hackBlox/Round02/data/train/undefined/pool_66cce1.jpg",5,street,1.0,expert_human_final
3978,"/home/h3r0-k1ll3r/Downloads/hackBlox/Round02/data/train/undefined/pool_8d2a7a.jpg",5,street,1.0,expert_human_final
1732,"/home/h3r0-k1ll3r/Downloads/hackBlox/Round02/data/train/undefined/pool_30d5a8.jpg",5,street,1.0,expert_human_final
4188,"/home/h3r0-k1ll3r/Downloads/hackBlox/Round02/data/train/undefined/pool_9695d3.jpg",5,street,1.0,expert_human_final
6245,"/home/h3r0-k1ll3r/Downloads/hackBlox/Round02/data/train/undefined/pool_f097a3.jpg",5,street,1.0,expert_human_final
4210,"/home/h3r0-k1ll3r/Downloads/hackBlox/Round02/data/train/undefined/pool_977e27.jpg",5,street,1.0,expert_human_final
2506,"/home/h3r0-k1ll3r/Downloads/hackBlox/Round02/data/train/undefined/pool_50749f.jpg",4,sea,1.0,expert_human_final
2047,"/home/h3r0-k1ll3r/Downloads/hackBlox/Round02/data/train/undefined/pool_3d0827.jpg",5,street,1.0,expert_human_final
3940,"/home/h3r0-k1ll3r/Downloads/hackBlox/Round02/data/train/undefined/pool_8b5457.jpg",5,street,1.0,expert_human_final
4182,"/home/h3r0-k1ll3r/Downloads/hackBlox/Round02/data/train/undefined/pool_963cb1.jpg",0,buildings,1.0,expert_human_final
1283,"/home/h3r0-k1ll3r/Downloads/hackBlox/Round02/data/train/undefined/pool_1daf34.jpg",0,buildings,1.0,expert_human_final
880,"/home/h3r0-k1ll3r/Downloads/hackBlox/Round02/data/train/undefined/pool_0c44e0.jpg",5,street,1.0,expert_human_final
2254,"/home/h3r0-k1ll3r/Downloads/hackBlox/Round02/data/train/undefined/pool_456776.jpg",5,street,1.0,expert_human_final
6264,"/home/h3r0-k1ll3r/Downloads/hackBlox/Round02/data/train/undefined/pool_f18d64.jpg",1,forest,1.0,expert_human_final
