id,image_path,label,label_name,weight,source,confidence,margin
3529,/home/h3r0-k1ll3r/Downloads/hackBlox/Round02/data/train/undefined/pool_7a080b.jpg,0,buildings,1.0,hard_boundary_resolved,0.4792,0.3239
708,/home/h3r0-k1ll3r/Downloads/hackBlox/Round02/data/train/undefined/pool_054155.jpg,0,buildings,1.0,hard_boundary_resolved,0.4773,0.2415
5224,/home/h3r0-k1ll3r/Downloads/hackBlox/Round02/data/train/undefined/pool_c35c5e.jpg,0,buildings,1.0,hard_boundary_resolved,0.4884,0.3104
3667,/home/h3r0-k1ll3r/Downloads/hackBlox/Round02/data/train/undefined/pool_7ff225.jpg,0,buildings,1.0,hard_boundary_resolved,0.5032,0.2995
3780,/home/h3r0-k1ll3r/Downloads/hackBlox/Round02/data/train/undefined/pool_8458c2.jpg,0,buildings,1.0,hard_boundary_resolved,0.5109,0.3479
6076,/home/h3r0-k1ll3r/Downloads/hackBlox/Round02/data/train/undefined/pool_e97a8e.jpg,0,buildings,1.0,hard_boundary_resolved,0.4821,0.2673
2768,/home/h3r0-k1ll3r/Downloads/hackBlox/Round02/data/train/undefined/pool_5b2cb3.jpg,0,buildings,1.0,hard_boundary_resolved,0.5377,0.3572
1685,/home/h3r0-k1ll3r/Downloads/hackBlox/Round02/data/train/undefined/pool_2ed45d.jpg,0,buildings,1.0,hard_boundary_resolved,0.4594,0.2268
6175,/home/h3r0-k1ll3r/Downloads/hackBlox/Round02/data/train/undefined/pool_ed6e0d.jpg,0,buildings,1.0,hard_boundary_resolved,0.5029,0.2533
4376,/home/h3r0-k1ll3r/Downloads/hackBlox/Round02/data/train/undefined/pool_9f0977.jpg,0,buildings,1.0,hard_boundary_resolved,0.5301,0.3366
3499,/home/h3r0-k1ll3r/Downloads/hackBlox/Round02/data/train/undefined/pool_7924c5.jpg,0,buildings,1.0,hard_boundary_resolved,0.5196,0.3202
2684,/home/h3r0-k1ll3r/Downloads/hackBlox/Round02/data/train/undefined/pool_57ca1a.jpg,0,buildings,1.0,hard_boundary_resolved,0.5002,0.2787
3215,/home/h3r0-k1ll3r/Downloads/hackBlox/Round02/data/train/undefined/pool_6cce25.jpg,0,buildings,1.0,hard_boundary_resolved,0.5182,0.3078
1908,/home/h3r0-k1ll3r/Downloads/hackBlox/Round02/data/train/undefined/pool_36f9a3.jpg,0,buildings,1.0,hard_boundary_resolved,0.531,0.3567
2858,/home/h3r0-k1ll3r/Downloads/hackBlox/Round02/data/train/undefined/pool_5eb63d.jpg,0,buildings,1.0,hard_boundary_resolved,0.5479,0.3774
1698,/home/h3r0-k1ll3r/Downloads/hackBlox/Round02/data/train/undefined/pool_2f7ec2.jpg,0,buildings,1.0,hard_boundary_resolved,0.5695,0.4373
6155,/home/h3r0-k1ll3r/Downloads/hackBlox/Round02/data/train/undefined/pool_ec79d9.jpg,0,buildings,1.0,hard_boundary_resolved,0.4695,0.1844
5093,/home/h3r0-k1ll3r/Downloads/hackBlox/Round02/data/train/undefined/pool_bd87f7.jpg,0,buildings,1.0,hard_boundary_resolved,0.5337,0.3248
4204,/home/h3r0-k1ll3r/Downloads/hackBlox/Round02/data/train/undefined/pool_97437a.jpg,0,buildings,1.0,hard_boundary_resolved,0.5178,0.2647
1744,/home/h3r0-k1ll3r/Downloads/hackBlox/Round02/data/train/undefined/pool_316146.jpg,0,buildings,1.0,hard_boundary_resolved,0.4523,0.1097
3260,/home/h3r0-k1ll3r/Downloads/hackBlox/Round02/data/train/undefined/pool_6e98c4.jpg,0,buildings,1.0,hard_boundary_resolved,0.4713,0.184
5750,/home/h3r0-k1ll3r/Downloads/hackBlox/Round02/data/train/undefined/pool_daa647.jpg,0,buildings,1.0,hard_boundary_resolved,0.5445,0.3498
2741,/home/h3r0-k1ll3r/Downloads/hackBlox/Round02/data/train/undefined/pool_5a2c1d.jpg,0,buildings,1.0,hard_boundary_resolved,0.4715,0.1655
2359,/home/h3r0-k1ll3r/Downloads/hackBlox/Round02/data/train/undefined/pool_4a4678.jpg,0,buildings,1.0,hard_boundary_resolved,0.5092,0.24
996,/home/h3r0-k1ll3r/Downloads/hackBlox/Round02/data/train/undefined/pool_1164c1.jpg,0,buildings,1.0,hard_boundary_resolved,0.5726,0.4445
5723,/home/h3r0-k1ll3r/Downloads/hackBlox/Round02/data/train/undefined/pool_d99a19.jpg,0,buildings,1.0,hard_boundary_resolved,0.4966,0.2007
5764,/home/h3r0-k1ll3r/Downloads/hackBlox/Round02/data/train/undefined/pool_db2a2d.jpg,0,buildings,1.0,hard_boundary_resolved,0.5511,0.3771
1782,/home/h3r0-k1ll3r/Downloads/hackBlox/Round02/data/train/undefined/pool_329bc2.jpg,0,buildings,1.0,hard_boundary_resolved,0.5232,0.289
4283,/home/h3r0-k1ll3r/Downloads/hackBlox/Round02/data/train/undefined/pool_9aad82.jpg,0,buildings,1.0,hard_boundary_resolved,0.4782,0.2049
3061,/home/h3r0-k1ll3r/Downloads/hackBlox/Round02/data/train/undefined/pool_66cd36.jpg,0,buildings,1.0,hard_boundary_resolved,0.5162,0.2849
5047,/home/h3r0-k1ll3r/Downloads/hackBlox/Round02/data/train/undefined/pool_bb0400.jpg,0,buildings,1.0,hard_boundary_resolved,0.5364,0.3041
862,/home/h3r0-k1ll3r/Downloads/hackBlox/Round02/data/train/undefined/pool_0b803a.jpg,0,buildings,1.0,hard_boundary_resolved,0.4975,0.2735
1508,/home/h3r0-k1ll3r/Downloads/hackBlox/Round02/data/train/undefined/pool_2706b9.jpg,0,buildings,1.0,hard_boundary_resolved,0.5597,0.3945
3202,/home/h3r0-k1ll3r/Downloads/hackBlox/Round02/data/train/undefined/pool_6c503f.jpg,0,buildings,1.0,hard_boundary_resolved,0.5853,0.4513
2971,/home/h3r0-k1ll3r/Downloads/hackBlox/Round02/data/train/undefined/pool_635c6b.jpg,0,buildings,1.0,hard_boundary_resolved,0.4816,0.1616
4628,/home/h3r0-k1ll3r/Downloads/hackBlox/Round02/data/train/undefined/pool_a9865f.jpg,0,buildings,1.0,hard_boundary_resolved,0.5122,0.2347
3440,/home/h3r0-k1ll3r/Downloads/hackBlox/Round02/data/train/undefined/pool_763699.jpg,0,buildings,1.0,hard_boundary_resolved,0.5616,0.3656
1617,/home/h3r0-k1ll3r/Downloads/hackBlox/Round02/data/train/undefined/pool_2c5cd2.jpg,0,buildings,1.0,hard_boundary_resolved,0.5316,0.2794
1095,/home/h3r0-k1ll3r/Downloads/hackBlox/Round02/data/train/undefined/pool_14fcea.jpg,0,buildings,1.0,hard_boundary_resolved,0.4657,0.1158
5721,/home/h3r0-k1ll3r/Downloads/hackBlox/Round02/data/train/undefined/pool_d97a5c.jpg,0,buildings,1.0,hard_boundary_resolved,0.5428,0.3013
2687,/home/h3r0-k1ll3r/Downloads/hackBlox/Round02/data/train/undefined/pool_57d89a.jpg,0,buildings,1.0,hard_boundary_resolved,0.5082,0.2838
2573,/home/h3r0-k1ll3r/Downloads/hackBlox/Round02/data/train/undefined/pool_534bb4.jpg,1,forest,1.0,hard_boundary_resolved,0.486,0.2544
3098,/home/h3r0-k1ll3r/Downloads/hackBlox/Round02/data/train/undefined/pool_686507.jpg,1,forest,1.0,hard_boundary_resolved,0.4994,0.2723
1843,/home/h3r0-k1ll3r/Downloads/hackBlox/Round02/data/train/undefined/pool_34d136.jpg,1,forest,1.0,hard_boundary_resolved,0.5078,0.3105
4399,/home/h3r0-k1ll3r/Downloads/hackBlox/Round02/data/train/undefined/pool_a043ae.jpg,1,forest,1.0,hard_boundary_resolved,0.5562,0.4115
850,/home/h3r0-k1ll3r/Downloads/hackBlox/Round02/data/train/undefined/pool_0b2ac0.jpg,1,forest,1.0,hard_boundary_resolved,0.4692,0.1807
2838,/home/h3r0-k1ll3r/Downloads/hackBlox/Round02/data/train/undefined/pool_5dfec2.jpg,1,forest,1.0,hard_boundary_resolved,0.5027,0.2323
5248,/home/h3r0-k1ll3r/Downloads/hackBlox/Round02/data/train/undefined/pool_c464d5.jpg,1,forest,1.0,hard_boundary_resolved,0.5375,0.301
2418,/home/h3r0-k1ll3r/Downloads/hackBlox/Round02/data/train/undefined/pool_4c5193.jpg,1,forest,1.0,hard_boundary_resolved,0.5786,0.4208
1258,/home/h3r0-k1ll3r/Downloads/hackBlox/Round02/data/train/undefined/pool_1c987d.jpg,1,forest,1.0,hard_boundary_resolved,0.5593,0.3879
3262,/home/h3r0-k1ll3r/Downloads/hackBlox/Round02/data/train/undefined/pool_6ea31f.jpg,1,forest,1.0,hard_boundary_resolved,0.4833,0.2512
1627,/home/h3r0-k1ll3r/Downloads/hackBlox/Round02/data/train/undefined/pool_2ca502.jpg,1,forest,1.0,hard_boundary_resolved,0.4757,0.1438
2312,/home/h3r0-k1ll3r/Downloads/hackBlox/Round02/data/train/undefined/pool_47fb3d.jpg,1,forest,1.0,hard_boundary_resolved,0.5245,0.2759
3414,/home/h3r0-k1ll3r/Downloads/hackBlox/Round02/data/train/undefined/pool_752c3b.jpg,1,forest,1.0,hard_boundary_resolved,0.4648,0.1436
2555,/home/h3r0-k1ll3r/Downloads/hackBlox/Round02/data/train/undefined/pool_525d4f.jpg,1,forest,1.0,hard_boundary_resolved,0.4527,0.1049
4798,/home/h3r0-k1ll3r/Downloads/hackBlox/Round02/data/train/undefined/pool_b06e54.jpg,1,forest,1.0,hard_boundary_resolved,0.4662,0.1331
2282,/home/h3r0-k1ll3r/Downloads/hackBlox/Round02/data/train/undefined/pool_46d028.jpg,1,forest,1.0,hard_boundary_resolved,0.5013,0.2516
773,/home/h3r0-k1ll3r/Downloads/hackBlox/Round02/data/train/undefined/pool_07b194.jpg,1,forest,1.0,hard_boundary_resolved,0.4645,0.1041
2928,/home/h3r0-k1ll3r/Downloads/hackBlox/Round02/data/train/undefined/pool_6193b5.jpg,1,forest,1.0,hard_boundary_resolved,0.5449,0.351
1101,/home/h3r0-k1ll3r/Downloads/hackBlox/Round02/data/train/undefined/pool_1571df.jpg,1,forest,1.0,hard_boundary_resolved,0.5543,0.3314
3128,/home/h3r0-k1ll3r/Downloads/hackBlox/Round02/data/train/undefined/pool_693e17.jpg,1,forest,1.0,hard_boundary_resolved,0.5032,0.1819
6021,/home/h3r0-k1ll3r/Downloads/hackBlox/Round02/data/train/undefined/pool_e6e39a.jpg,1,forest,1.0,hard_boundary_resolved,0.5853,0.3929
5274,/home/h3r0-k1ll3r/Downloads/hackBlox/Round02/data/train/undefined/pool_c5642b.jpg,1,forest,1.0,hard_boundary_resolved,0.4887,0.1583
6180,/home/h3r0-k1ll3r/Downloads/hackBlox/Round02/data/train/undefined/pool_ed9c25.jpg,1,forest,1.0,hard_boundary_resolved,0.5932,0.3801
889,/home/h3r0-k1ll3r/Downloads/hackBlox/Round02/data/train/undefined/pool_0c9cda.jpg,1,forest,1.0,hard_boundary_resolved,0.4843,0.122
1229,/home/h3r0-k1ll3r/Downloads/hackBlox/Round02/data/train/undefined/pool_1b0284.jpg,1,forest,1.0,hard_boundary_resolved,0.5486,0.2671
4819,/home/h3r0-k1ll3r/Downloads/hackBlox/Round02/data/train/undefined/pool_b139d2.jpg,1,forest,1.0,hard_boundary_resolved,0.5251,0.2021
5089,/home/h3r0-k1ll3r/Downloads/hackBlox/Round02/data/train/undefined/pool_bd435d.jpg,1,forest,1.0,hard_boundary_resolved,0.5012,0.1535
4249,/home/h3r0-k1ll3r/Downloads/hackBlox/Round02/data/train/undefined/pool_994969.jpg,1,forest,1.0,hard_boundary_resolved,0.5712,0.3636
1690,/home/h3r0-k1ll3r/Downloads/hackBlox/Round02/data/train/undefined/pool_2f2568.jpg,1,forest,1.0,hard_boundary_resolved,0.5992,0.4162
4689,/home/h3r0-k1ll3r/Downloads/hackBlox/Round02/data/train/undefined/pool_ab7169.jpg,1,forest,1.0,hard_boundary_resolved,0.5983,0.3674
5901,/home/h3r0-k1ll3r/Downloads/hackBlox/Round02/data/train/undefined/pool_e222d7.jpg,1,forest,1.0,hard_boundary_resolved,0.5533,0.2728
5492,/home/h3r0-k1ll3r/Downloads/hackBlox/Round02/data/train/undefined/pool_cf5284.jpg,1,forest,1.0,hard_boundary_resolved,0.5087,0.1629
646,/home/h3r0-k1ll3r/Downloads/hackBlox/Round02/data/train/undefined/pool_021865.jpg,1,forest,1.0,hard_boundary_resolved,0.6187,0.4134
3741,/home/h3r0-k1ll3r/Downloads/hackBlox/Round02/data/train/undefined/pool_82a13b.jpg,1,forest,1.0,hard_boundary_resolved,0.6003,0.4046
4550,/home/h3r0-k1ll3r/Downloads/hackBlox/Round02/data/train/undefined/pool_a6aa5d.jpg,1,forest,1.0,hard_boundary_resolved,0.5326,0.203
5191,/home/h3r0-k1ll3r/Downloads/hackBlox/Round02/data/train/undefined/pool_c1ff69.jpg,1,forest,1.0,hard_boundary_resolved,0.6428,0.4872
5928,/home/h3r0-k1ll3r/Downloads/hackBlox/Round02/data/train/undefined/pool_e388b6.jpg,1,forest,1.0,hard_boundary_resolved,0.5864,0.3447
915,/home/h3r0-k1ll3r/Downloads/hackBlox/Round02/data/train/undefined/pool_0d861f.jpg,1,forest,1.0,hard_boundary_resolved,0.6216,0.4348
6498,/home/h3r0-k1ll3r/Downloads/hackBlox/Round02/data/train/undefined/pool_fbc4ec.jpg,2,glacier,1.0,hard_boundary_resolved,0.5035,0.3395
3553,/home/h3r0-k1ll3r/Downloads/hackBlox/Round02/data/train/undefined/pool_7b2659.jpg,2,glacier,1.0,hard_boundary_resolved,0.4952,0.2774
5537,/home/h3r0-k1ll3r/Downloads/hackBlox/Round02/data/train/undefined/pool_d17093.jpg,2,glacier,1.0,hard_boundary_resolved,0.4958,0.3112
1934,/home/h3r0-k1ll3r/Downloads/hackBlox/Round02/data/train/undefined/pool_385c01.jpg,2,glacier,1.0,hard_boundary_resolved,0.5123,0.344
3032,/home/h3r0-k1ll3r/Downloads/hackBlox/Round02/data/train/undefined/pool_6567a0.jpg,2,glacier,1.0,hard_boundary_resolved,0.5263,0.3657
2060,/home/h3r0-k1ll3r/Downloads/hackBlox/Round02/data/train/undefined/pool_3d7ab2.jpg,2,glacier,1.0,hard_boundary_resolved,0.4842,0.2387
1733,/home/h3r0-k1ll3r/Downloads/hackBlox/Round02/data/train/undefined/pool_30e2a7.jpg,2,glacier,1.0,hard_boundary_resolved,0.4586,0.1562
5055,/home/h3r0-k1ll3r/Downloads/hackBlox/Round02/data/train/undefined/pool_bb6b3e.jpg,2,glacier,1.0,hard_boundary_resolved,0.5363,0.4015
1719,/home/h3r0-k1ll3r/Downloads/hackBlox/Round02/data/train/undefined/pool_305c5b.jpg,2,glacier,1.0,hard_boundary_resolved,0.4638,0.2137
4954,/home/h3r0-k1ll3r/Downloads/hackBlox/Round02/data/train/undefined/pool_b6dfe8.jpg,2,glacier,1.0,hard_boundary_resolved,0.4663,0.1865
2990,/home/h3r0-k1ll3r/Downloads/hackBlox/Round02/data/train/undefined/pool_63cf8c.jpg,2,glacier,1.0,hard_boundary_resolved,0.4619,0.1527
2140,/home/h3r0-k1ll3r/Downloads/hackBlox/Round02/data/train/undefined/pool_409498.jpg,2,glacier,1.0,hard_boundary_resolved,0.529,0.352
1232,/home/h3r0-k1ll3r/Downloads/hackBlox/Round02/data/train/undefined/pool_1b1d26.jpg,2,glacier,1.0,hard_boundary_resolved,0.569,0.4506
667,/home/h3r0-k1ll3r/Downloads/hackBlox/Round02/data/train/undefined/pool_0318e8.jpg,2,glacier,1.0,hard_boundary_resolved,0.5263,0.353
2994,/home/h3r0-k1ll3r/Downloads/hackBlox/Round02/data/train/undefined/pool_63f8a5.jpg,2,glacier,1.0,hard_boundary_resolved,0.4571,0.1578
1689,/home/h3r0-k1ll3r/Downloads/hackBlox/Round02/data/train/undefined/pool_2f14f7.jpg,2,glacier,1.0,hard_boundary_resolved,0.5522,0.3715
5144,/home/h3r0-k1ll3r/Downloads/hackBlox/Round02/data/train/undefined/pool_bf688b.jpg,2,glacier,1.0,hard_boundary_resolved,0.5612,0.4168
2815,/home/h3r0-k1ll3r/Downloads/hackBlox/Round02/data/train/undefined/pool_5d3912.jpg,2,glacier,1.0,hard_boundary_resolved,0.519,0.2815
3500,/home/h3r0-k1ll3r/Downloads/hackBlox/Round02/data/train/undefined/pool_79256c.jpg,2,glacier,1.0,hard_boundary_resolved,0.5238,0.2852
3417,/home/h3r0-k1ll3r/Downloads/hackBlox/Round02/data/train/undefined/pool_753811.jpg,2,glacier,1.0,hard_boundary_resolved,0.5093,0.237
2974,/home/h3r0-k1ll3r/Downloads/hackBlox/Round02/data/train/undefined/pool_636e1d.jpg,2,glacier,1.0,hard_boundary_resolved,0.5034,0.2639
4034,/home/h3r0-k1ll3r/Downloads/hackBlox/Round02/data/train/undefined/pool_8fab8a.jpg,2,glacier,1.0,hard_boundary_resolved,0.4855,0.2316
3801,/home/h3r0-k1ll3r/Downloads/hackBlox/Round02/data/train/undefined/pool_854a6a.jpg,2,glacier,1.0,hard_boundary_resolved,0.4897,0.2311
2766,/home/h3r0-k1ll3r/Downloads/hackBlox/Round02/data/train/undefined/pool_5b2649.jpg,2,glacier,1.0,hard_boundary_resolved,0.4584,0.1256
1434,/home/h3r0-k1ll3r/Downloads/hackBlox/Round02/data/train/undefined/pool_239e8b.jpg,2,glacier,1.0,hard_boundary_resolved,0.4643,0.1728
4208,/home/h3r0-k1ll3r/Downloads/hackBlox/Round02/data/train/undefined/pool_9776b6.jpg,2,glacier,1.0,hard_boundary_resolved,0.4759,0.2392
2190,/home/h3r0-k1ll3r/Downloads/hackBlox/Round02/data/train/undefined/pool_431a24.jpg,2,glacier,1.0,hard_boundary_resolved,0.5659,0.3779
5113,/home/h3r0-k1ll3r/Downloads/hackBlox/Round02/data/train/undefined/pool_be6a6a.jpg,2,glacier,1.0,hard_boundary_resolved,0.4763,0.2385
5725,/home/h3r0-k1ll3r/Downloads/hackBlox/Round02/data/train/undefined/pool_d9b8db.jpg,2,glacier,1.0,hard_boundary_resolved,0.5278,0.2582
4886,/home/h3r0-k1ll3r/Downloads/hackBlox/Round02/data/train/undefined/pool_b45f10.jpg,2,glacier,1.0,hard_boundary_resolved,0.5547,0.3451
6184,/home/h3r0-k1ll3r/Downloads/hackBlox/Round02/data/train/undefined/pool_ede7b6.jpg,2,glacier,1.0,hard_boundary_resolved,0.4753,0.1517
6065,/home/h3r0-k1ll3r/Downloads/hackBlox/Round02/data/train/undefined/pool_e8d8ce.jpg,3,mountain,1.0,hard_boundary_resolved,0.4571,0.2868
1138,/home/h3r0-k1ll3r/Downloads/hackBlox/Round02/data/train/undefined/pool_1749ca.jpg,3,mountain,1.0,hard_boundary_resolved,0.4658,0.3043
3494,/home/h3r0-k1ll3r/Downloads/hackBlox/Round02/data/train/undefined/pool_78f757.jpg,3,mountain,1.0,hard_boundary_resolved,0.5044,0.3614
2502,/home/h3r0-k1ll3r/Downloads/hackBlox/Round02/data/train/undefined/pool_504b36.jpg,3,mountain,1.0,hard_boundary_resolved,0.4772,0.2522
2037,/home/h3r0-k1ll3r/Downloads/hackBlox/Round02/data/train/undefined/pool_3caebc.jpg,3,mountain,1.0,hard_boundary_resolved,0.5179,0.3759
1194,/home/h3r0-k1ll3r/Downloads/hackBlox/Round02/data/train/undefined/pool_19b032.jpg,3,mountain,1.0,hard_boundary_resolved,0.4703,0.2768
4176,/home/h3r0-k1ll3r/Downloads/hackBlox/Round02/data/train/undefined/pool_960637.jpg,3,mountain,1.0,hard_boundary_resolved,0.4731,0.2582
4144,/home/h3r0-k1ll3r/Downloads/hackBlox/Round02/data/train/undefined/pool_94d7e4.jpg,3,mountain,1.0,hard_boundary_resolved,0.499,0.2769
5574,/home/h3r0-k1ll3r/Downloads/hackBlox/Round02/data/train/undefined/pool_d2f0d9.jpg,3,mountain,1.0,hard_boundary_resolved,0.4722,0.2553
3845,/home/h3r0-k1ll3r/Downloads/hackBlox/Round02/data/train/undefined/pool_8706b3.jpg,3,mountain,1.0,hard_boundary_resolved,0.5109,0.2929
711,/home/h3r0-k1ll3r/Downloads/hackBlox/Round02/data/train/undefined/pool_0568d6.jpg,3,mountain,1.0,hard_boundary_resolved,0.4831,0.2787
1594,/home/h3r0-k1ll3r/Downloads/hackBlox/Round02/data/train/undefined/pool_2b1cf3.jpg,3,mountain,1.0,hard_boundary_resolved,0.4835,0.2199
5687,/home/h3r0-k1ll3r/Downloads/hackBlox/Round02/data/train/undefined/pool_d7ac31.jpg,3,mountain,1.0,hard_boundary_resolved,0.5063,0.2451
4726,/home/h3r0-k1ll3r/Downloads/hackBlox/Round02/data/train/undefined/pool_ad3ab3.jpg,3,mountain,1.0,hard_boundary_resolved,0.4683,0.1768
3044,/home/h3r0-k1ll3r/Downloads/hackBlox/Round02/data/train/undefined/pool_662fdd.jpg,3,mountain,1.0,hard_boundary_resolved,0.5386,0.3558
4602,/home/h3r0-k1ll3r/Downloads/hackBlox/Round02/data/train/undefined/pool_a8b0d3.jpg,3,mountain,1.0,hard_boundary_resolved,0.4761,0.1822
2042,/home/h3r0-k1ll3r/Downloads/hackBlox/Round02/data/train/undefined/pool_3cdfd5.jpg,3,mountain,1.0,hard_boundary_resolved,0.5624,0.3994
2700,/home/h3r0-k1ll3r/Downloads/hackBlox/Round02/data/train/undefined/pool_587516.jpg,3,mountain,1.0,hard_boundary_resolved,0.5569,0.4025
4428,/home/h3r0-k1ll3r/Downloads/hackBlox/Round02/data/train/undefined/pool_a1777c.jpg,3,mountain,1.0,hard_boundary_resolved,0.5797,0.4308
5774,/home/h3r0-k1ll3r/Downloads/hackBlox/Round02/data/train/undefined/pool_dba42f.jpg,3,mountain,1.0,hard_boundary_resolved,0.5458,0.3752
1992,/home/h3r0-k1ll3r/Downloads/hackBlox/Round02/data/train/undefined/pool_3a97e1.jpg,3,mountain,1.0,hard_boundary_resolved,0.5437,0.3676
5641,/home/h3r0-k1ll3r/Downloads/hackBlox/Round02/data/train/undefined/pool_d56b8c.jpg,3,mountain,1.0,hard_boundary_resolved,0.5484,0.3445
4310,/home/h3r0-k1ll3r/Downloads/hackBlox/Round02/data/train/undefined/pool_9bfe2e.jpg,3,mountain,1.0,hard_boundary_resolved,0.4677,0.1685
5498,/home/h3r0-k1ll3r/Downloads/hackBlox/Round02/data/train/undefined/pool_cf9bfb.jpg,3,mountain,1.0,hard_boundary_resolved,0.46,0.122
6208,/home/h3r0-k1ll3r/Downloads/hackBlox/Round02/data/train/undefined/pool_ef131c.jpg,3,mountain,1.0,hard_boundary_resolved,0.5173,0.2431
5441,/home/h3r0-k1ll3r/Downloads/hackBlox/Round02/data/train/undefined/pool_cc9a18.jpg,3,mountain,1.0,hard_boundary_resolved,0.5159,0.2499
5110,/home/h3r0-k1ll3r/Downloads/hackBlox/Round02/data/train/undefined/pool_be4a65.jpg,4,sea,1.0,hard_boundary_resolved,0.4585,0.2712
2820,/home/h3r0-k1ll3r/Downloads/hackBlox/Round02/data/train/undefined/pool_5d77d1.jpg,4,sea,1.0,hard_boundary_resolved,0.4608,0.2542
1583,/home/h3r0-k1ll3r/Downloads/hackBlox/Round02/data/train/undefined/pool_2ae561.jpg,4,sea,1.0,hard_boundary_resolved,0.4753,0.2998
1166,/home/h3r0-k1ll3r/Downloads/hackBlox/Round02/data/train/undefined/pool_187ef7.jpg,4,sea,1.0,hard_boundary_resolved,0.4775,0.2644
4084,/home/h3r0-k1ll3r/Downloads/hackBlox/Round02/data/train/undefined/pool_921e1e.jpg,4,sea,1.0,hard_boundary_resolved,0.4518,0.1704
2236,/home/h3r0-k1ll3r/Downloads/hackBlox/Round02/data/train/undefined/pool_449918.jpg,4,sea,1.0,hard_boundary_resolved,0.4978,0.3318
5993,/home/h3r0-k1ll3r/Downloads/hackBlox/Round02/data/train/undefined/pool_e5b3bb.jpg,4,sea,1.0,hard_boundary_resolved,0.4632,0.241
4930,/home/h3r0-k1ll3r/Downloads/hackBlox/Round02/data/train/undefined/pool_b6271c.jpg,4,sea,1.0,hard_boundary_resolved,0.4579,0.2009
6590,/home/h3r0-k1ll3r/Downloads/hackBlox/Round02/data/train/undefined/pool_ffab67.jpg,4,sea,1.0,hard_boundary_resolved,0.4593,0.1759
3849,/home/h3r0-k1ll3r/Downloads/hackBlox/Round02/data/train/undefined/pool_874c95.jpg,4,sea,1.0,hard_boundary_resolved,0.5028,0.2988
4706,/home/h3r0-k1ll3r/Downloads/hackBlox/Round02/data/train/undefined/pool_ac4c40.jpg,4,sea,1.0,hard_boundary_resolved,0.5389,0.4129
3757,/home/h3r0-k1ll3r/Downloads/hackBlox/Round02/data/train/undefined/pool_836bcc.jpg,4,sea,1.0,hard_boundary_resolved,0.4867,0.2753
2122,/home/h3r0-k1ll3r/Downloads/hackBlox/Round02/data/train/undefined/pool_3fc119.jpg,4,sea,1.0,hard_boundary_resolved,0.5045,0.2815
3463,/home/h3r0-k1ll3r/Downloads/hackBlox/Round02/data/train/undefined/pool_77b1d6.jpg,4,sea,1.0,hard_boundary_resolved,0.5554,0.4189
3495,/home/h3r0-k1ll3r/Downloads/hackBlox/Round02/data/train/undefined/pool_790846.jpg,4,sea,1.0,hard_boundary_resolved,0.4805,0.2775
4407,/home/h3r0-k1ll3r/Downloads/hackBlox/Round02/data/train/undefined/pool_a09fb2.jpg,4,sea,1.0,hard_boundary_resolved,0.5325,0.3468
1850,/home/h3r0-k1ll3r/Downloads/hackBlox/Round02/data/train/undefined/pool_352d43.jpg,4,sea,1.0,hard_boundary_resolved,0.4925,0.2668
6462,/home/h3r0-k1ll3r/Downloads/hackBlox/Round02/data/train/undefined/pool_fa9692.jpg,4,sea,1.0,hard_boundary_resolved,0.4872,0.2708
820,/home/h3r0-k1ll3r/Downloads/hackBlox/Round02/data/train/undefined/pool_09f0df.jpg,4,sea,1.0,hard_boundary_resolved,0.5049,0.2525
2694,/home/h3r0-k1ll3r/Downloads/hackBlox/Round02/data/train/undefined/pool_58235c.jpg,4,sea,1.0,hard_boundary_resolved,0.5349,0.3418
4033,/home/h3r0-k1ll3r/Downloads/hackBlox/Round02/data/train/undefined/pool_8f9a7f.jpg,4,sea,1.0,hard_boundary_resolved,0.5242,0.3238
4281,/home/h3r0-k1ll3r/Downloads/hackBlox/Round02/data/train/undefined/pool_9a88b4.jpg,4,sea,1.0,hard_boundary_resolved,0.4914,0.2552
1994,/home/h3r0-k1ll3r/Downloads/hackBlox/Round02/data/train/undefined/pool_3aaa19.jpg,4,sea,1.0,hard_boundary_resolved,0.4733,0.1875
6502,/home/h3r0-k1ll3r/Downloads/hackBlox/Round02/data/train/undefined/pool_fc0750.jpg,4,sea,1.0,hard_boundary_resolved,0.5589,0.4153
1467,/home/h3r0-k1ll3r/Downloads/hackBlox/Round02/data/train/undefined/pool_254c26.jpg,4,sea,1.0,hard_boundary_resolved,0.5468,0.387
3009,/home/h3r0-k1ll3r/Downloads/hackBlox/Round02/data/train/undefined/pool_648213.jpg,4,sea,1.0,hard_boundary_resolved,0.5001,0.2865
1491,/home/h3r0-k1ll3r/Downloads/hackBlox/Round02/data/train/undefined/pool_264381.jpg,5,street,1.0,hard_boundary_resolved,0.49,0.3514
2523,/home/h3r0-k1ll3r/Downloads/hackBlox/Round02/data/train/undefined/pool_5106ef.jpg,5,street,1.0,hard_boundary_resolved,0.4741,0.2732
5717,/home/h3r0-k1ll3r/Downloads/hackBlox/Round02/data/train/undefined/pool_d94902.jpg,5,street,1.0,hard_boundary_resolved,0.4695,0.2553
6342,/home/h3r0-k1ll3r/Downloads/hackBlox/Round02/data/train/undefined/pool_f54431.jpg,5,street,1.0,hard_boundary_resolved,0.4892,0.3321
3289,/home/h3r0-k1ll3r/Downloads/hackBlox/Round02/data/train/undefined/pool_70243f.jpg,5,street,1.0,hard_boundary_resolved,0.4748,0.2646
6103,/home/h3r0-k1ll3r/Downloads/hackBlox/Round02/data/train/undefined/pool_eae5a3.jpg,5,street,1.0,hard_boundary_resolved,0.4937,0.2465
3397,/home/h3r0-k1ll3r/Downloads/hackBlox/Round02/data/train/undefined/pool_747932.jpg,5,street,1.0,hard_boundary_resolved,0.5275,0.3604
2524,/home/h3r0-k1ll3r/Downloads/hackBlox/Round02/data/train/undefined/pool_51132a.jpg,5,street,1.0,hard_boundary_resolved,0.4803,0.2565
4370,/home/h3r0-k1ll3r/Downloads/hackBlox/Round02/data/train/undefined/pool_9e8890.jpg,5,street,1.0,hard_boundary_resolved,0.4756,0.196
6377,/home/h3r0-k1ll3r/Downloads/hackBlox/Round02/data/train/undefined/pool_f6a54e.jpg,5,street,1.0,hard_boundary_resolved,0.4833,0.231
5668,/home/h3r0-k1ll3r/Downloads/hackBlox/Round02/data/train/undefined/pool_d6cc66.jpg,5,street,1.0,hard_boundary_resolved,0.4918,0.253
4626,/home/h3r0-k1ll3r/Downloads/hackBlox/Round02/data/train/undefined/pool_a97999.jpg,5,street,1.0,hard_boundary_resolved,0.4979,0.2588
3168,/home/h3r0-k1ll3r/Downloads/hackBlox/Round02/data/train/undefined/pool_6add2a.jpg,5,street,1.0,hard_boundary_resolved,0.4664,0.2189
4868,/home/h3r0-k1ll3r/Downloads/hackBlox/Round02/data/train/undefined/pool_b3a6e6.jpg,5,street,1.0,hard_boundary_resolved,0.4921,0.2411
3453,/home/h3r0-k1ll3r/Downloads/hackBlox/Round02/data/train/undefined/pool_771ab6.jpg,5,street,1.0,hard_boundary_resolved,0.5405,0.3472
676,/home/h3r0-k1ll3r/Downloads/hackBlox/Round02/data/train/undefined/pool_03f303.jpg,5,street,1.0,hard_boundary_resolved,0.5289,0.3193
1116,/home/h3r0-k1ll3r/Downloads/hackBlox/Round02/data/train/undefined/pool_161f02.jpg,5,street,1.0,hard_boundary_resolved,0.5326,0.3424
5549,/home/h3r0-k1ll3r/Downloads/hackBlox/Round02/data/train/undefined/pool_d1e94b.jpg,5,street,1.0,hard_boundary_resolved,0.4691,0.248
1846,/home/h3r0-k1ll3r/Downloads/hackBlox/Round02/data/train/undefined/pool_350795.jpg,5,street,1.0,hard_boundary_resolved,0.5548,0.4041
2655,/home/h3r0-k1ll3r/Downloads/hackBlox/Round02/data/train/undefined/pool_566d71.jpg,5,street,1.0,hard_boundary_resolved,0.4806,0.1964
3576,/home/h3r0-k1ll3r/Downloads/hackBlox/Round02/data/train/undefined/pool_7bff59.jpg,5,street,1.0,hard_boundary_resolved,0.5235,0.3286
2736,/home/h3r0-k1ll3r/Downloads/hackBlox/Round02/data/train/undefined/pool_59e815.jpg,5,street,1.0,hard_boundary_resolved,0.4881,0.1854
6027,/home/h3r0-k1ll3r/Downloads/hackBlox/Round02/data/train/undefined/pool_e7157a.jpg,5,street,1.0,hard_boundary_resolved,0.5781,0.4222
3113,/home/h3r0-k1ll3r/Downloads/hackBlox/Round02/data/train/undefined/pool_68c54c.jpg,5,street,1.0,hard_boundary_resolved,0.488,0.237
3060,/home/h3r0-k1ll3r/Downloads/hackBlox/Round02/data/train/undefined/pool_66cce1.jpg,5,street,1.0,hard_boundary_resolved,0.4918,0.1852
3978,/home/h3r0-k1ll3r/Downloads/hackBlox/Round02/data/train/undefined/pool_8d2a7a.jpg,5,street,1.0,hard_boundary_resolved,0.5124,0.2366
4188,/home/h3r0-k1ll3r/Downloads/hackBlox/Round02/data/train/undefined/pool_9695d3.jpg,5,street,1.0,hard_boundary_resolved,0.4686,0.1761
6245,/home/h3r0-k1ll3r/Downloads/hackBlox/Round02/data/train/undefined/pool_f097a3.jpg,5,street,1.0,hard_boundary_resolved,0.4908,0.266
4210,/home/h3r0-k1ll3r/Downloads/hackBlox/Round02/data/train/undefined/pool_977e27.jpg,5,street,1.0,hard_boundary_resolved,0.4798,0.2128
2506,/home/h3r0-k1ll3r/Downloads/hackBlox/Round02/data/train/undefined/pool_50749f.jpg,5,street,1.0,hard_boundary_resolved,0.5509,0.3416
2047,/home/h3r0-k1ll3r/Downloads/hackBlox/Round02/data/train/undefined/pool_3d0827.jpg,5,street,1.0,hard_boundary_resolved,0.5127,0.2305
3940,/home/h3r0-k1ll3r/Downloads/hackBlox/Round02/data/train/undefined/pool_8b5457.jpg,5,street,1.0,hard_boundary_resolved,0.5757,0.4313
1283,/home/h3r0-k1ll3r/Downloads/hackBlox/Round02/data/train/undefined/pool_1daf34.jpg,5,street,1.0,hard_boundary_resolved,0.465,0.1617
880,/home/h3r0-k1ll3r/Downloads/hackBlox/Round02/data/train/undefined/pool_0c44e0.jpg,5,street,1.0,hard_boundary_resolved,0.4579,0.1032
2254,/home/h3r0-k1ll3r/Downloads/hackBlox/Round02/data/train/undefined/pool_456776.jpg,5,street,1.0,hard_boundary_resolved,0.5694,0.3787
6264,/home/h3r0-k1ll3r/Downloads/hackBlox/Round02/data/train/undefined/pool_f18d64.jpg,5,street,1.0,hard_boundary_resolved,0.5527,0.3365
