id,image_path,filename,model_predicted_class,top2_class,entropy,confidence,margin
5893,/home/h3r0-k1ll3r/Downloads/hackBlox/Round02/data/train/undefined/pool_e1a97f.jpg,pool_e1a97f.jpg,buildings,sea,1.6059,0.3905,0.2251
4146,/home/h3r0-k1ll3r/Downloads/hackBlox/Round02/data/train/undefined/pool_94dc88.jpg,pool_94dc88.jpg,buildings,mountain,1.5969,0.318,0.0078
6545,/home/h3r0-k1ll3r/Downloads/hackBlox/Round02/data/train/undefined/pool_fe1c64.jpg,pool_fe1c64.jpg,buildings,forest,1.5749,0.4359,0.2959
4141,/home/h3r0-k1ll3r/Downloads/hackBlox/Round02/data/train/undefined/pool_94c38d.jpg,pool_94c38d.jpg,buildings,mountain,1.5722,0.3496,0.1044
4870,/home/h3r0-k1ll3r/Downloads/hackBlox/Round02/data/train/undefined/pool_b3b051.jpg,pool_b3b051.jpg,buildings,sea,1.56,0.4186,0.2718
658,/home/h3r0-k1ll3r/Downloads/hackBlox/Round02/data/train/undefined/pool_02dd54.jpg,pool_02dd54.jpg,buildings,street,1.5525,0.3866,0.1571
5732,/home/h3r0-k1ll3r/Downloads/hackBlox/Round02/data/train/undefined/pool_da0e5c.jpg,pool_da0e5c.jpg,buildings,sea,1.5445,0.364,0.1359
983,/home/h3r0-k1ll3r/Downloads/hackBlox/Round02/data/train/undefined/pool_10aa60.jpg,pool_10aa60.jpg,buildings,glacier,1.5403,0.3938,0.1496
3504,/home/h3r0-k1ll3r/Downloads/hackBlox/Round02/data/train/undefined/pool_7942be.jpg,pool_7942be.jpg,buildings,glacier,1.5384,0.3695,0.1308
3968,/home/h3r0-k1ll3r/Downloads/hackBlox/Round02/data/train/undefined/pool_8cbf34.jpg,pool_8cbf34.jpg,buildings,sea,1.537,0.4221,0.2395
4025,/home/h3r0-k1ll3r/Downloads/hackBlox/Round02/data/train/undefined/pool_8f6ade.jpg,pool_8f6ade.jpg,buildings,mountain,1.5227,0.4466,0.2807
3318,/home/h3r0-k1ll3r/Downloads/hackBlox/Round02/data/train/undefined/pool_7141cd.jpg,pool_7141cd.jpg,buildings,street,1.4944,0.3846,0.1141
3529,/home/h3r0-k1ll3r/Downloads/hackBlox/Round02/data/train/undefined/pool_7a080b.jpg,pool_7a080b.jpg,buildings,sea,1.475,0.4792,0.3239
5221,/home/h3r0-k1ll3r/Downloads/hackBlox/Round02/data/train/undefined/pool_c3554e.jpg,pool_c3554e.jpg,buildings,mountain,1.4733,0.394,0.0769
3268,/home/h3r0-k1ll3r/Downloads/hackBlox/Round02/data/train/undefined/pool_6edcf8.jpg,pool_6edcf8.jpg,buildings,mountain,1.4621,0.3297,0.0567
4695,/home/h3r0-k1ll3r/Downloads/hackBlox/Round02/data/train/undefined/pool_abbb20.jpg,pool_abbb20.jpg,buildings,street,1.4466,0.3761,0.0556
3176,/home/h3r0-k1ll3r/Downloads/hackBlox/Round02/data/train/undefined/pool_6b3b21.jpg,pool_6b3b21.jpg,buildings,sea,1.4429,0.4212,0.1176
3257,/home/h3r0-k1ll3r/Downloads/hackBlox/Round02/data/train/undefined/pool_6e7ea2.jpg,pool_6e7ea2.jpg,buildings,forest,1.4399,0.4254,0.1349
6267,/home/h3r0-k1ll3r/Downloads/hackBlox/Round02/data/train/undefined/pool_f1cd78.jpg,pool_f1cd78.jpg,buildings,street,1.4301,0.3769,0.0503
708,/home/h3r0-k1ll3r/Downloads/hackBlox/Round02/data/train/undefined/pool_054155.jpg,pool_054155.jpg,buildings,glacier,1.4258,0.4773,0.2415
5224,/home/h3r0-k1ll3r/Downloads/hackBlox/Round02/data/train/undefined/pool_c35c5e.jpg,pool_c35c5e.jpg,buildings,mountain,1.4212,0.4884,0.3104
1098,/home/h3r0-k1ll3r/Downloads/hackBlox/Round02/data/train/undefined/pool_153044.jpg,pool_153044.jpg,buildings,street,1.4072,0.3331,0.0454
3667,/home/h3r0-k1ll3r/Downloads/hackBlox/Round02/data/train/undefined/pool_7ff225.jpg,pool_7ff225.jpg,buildings,street,1.4035,0.5032,0.2995
5370,/home/h3r0-k1ll3r/Downloads/hackBlox/Round02/data/train/undefined/pool_c9b93c.jpg,pool_c9b93c.jpg,buildings,street,1.4031,0.3607,0.0282
4609,/home/h3r0-k1ll3r/Downloads/hackBlox/Round02/data/train/undefined/pool_a8e852.jpg,pool_a8e852.jpg,buildings,street,1.4004,0.435,0.1109
2993,/home/h3r0-k1ll3r/Downloads/hackBlox/Round02/data/train/undefined/pool_63e588.jpg,pool_63e588.jpg,buildings,street,1.3997,0.3596,0.0051
5205,/home/h3r0-k1ll3r/Downloads/hackBlox/Round02/data/train/undefined/pool_c2892d.jpg,pool_c2892d.jpg,buildings,sea,1.3936,0.4402,0.1211
3780,/home/h3r0-k1ll3r/Downloads/hackBlox/Round02/data/train/undefined/pool_8458c2.jpg,pool_8458c2.jpg,buildings,sea,1.3911,0.5109,0.3479
6076,/home/h3r0-k1ll3r/Downloads/hackBlox/Round02/data/train/undefined/pool_e97a8e.jpg,pool_e97a8e.jpg,buildings,sea,1.3894,0.4821,0.2673
5926,/home/h3r0-k1ll3r/Downloads/hackBlox/Round02/data/train/undefined/pool_e37a1a.jpg,pool_e37a1a.jpg,buildings,street,1.387,0.3955,0.0625
5421,/home/h3r0-k1ll3r/Downloads/hackBlox/Round02/data/train/undefined/pool_cbddc9.jpg,pool_cbddc9.jpg,buildings,street,1.3815,0.3681,0.0718
2768,/home/h3r0-k1ll3r/Downloads/hackBlox/Round02/data/train/undefined/pool_5b2cb3.jpg,pool_5b2cb3.jpg,buildings,mountain,1.3797,0.5377,0.3572
1685,/home/h3r0-k1ll3r/Downloads/hackBlox/Round02/data/train/undefined/pool_2ed45d.jpg,pool_2ed45d.jpg,buildings,forest,1.3778,0.4594,0.2268
4836,/home/h3r0-k1ll3r/Downloads/hackBlox/Round02/data/train/undefined/pool_b21333.jpg,pool_b21333.jpg,buildings,street,1.3721,0.4216,0.1307
6175,/home/h3r0-k1ll3r/Downloads/hackBlox/Round02/data/train/undefined/pool_ed6e0d.jpg,pool_ed6e0d.jpg,buildings,mountain,1.3685,0.5029,0.2533
3623,/home/h3r0-k1ll3r/Downloads/hackBlox/Round02/data/train/undefined/pool_7e344d.jpg,pool_7e344d.jpg,buildings,street,1.3669,0.4381,0.1857
2972,/home/h3r0-k1ll3r/Downloads/hackBlox/Round02/data/train/undefined/pool_636324.jpg,pool_636324.jpg,buildings,street,1.3658,0.431,0.1172
3635,/home/h3r0-k1ll3r/Downloads/hackBlox/Round02/data/train/undefined/pool_7ea2c2.jpg,pool_7ea2c2.jpg,buildings,street,1.3654,0.4269,0.1813
3329,/home/h3r0-k1ll3r/Downloads/hackBlox/Round02/data/train/undefined/pool_71cb65.jpg,pool_71cb65.jpg,buildings,street,1.3654,0.3725,0.0849
4205,/home/h3r0-k1ll3r/Downloads/hackBlox/Round02/data/train/undefined/pool_974af1.jpg,pool_974af1.jpg,buildings,forest,1.3633,0.4008,0.1219
4376,/home/h3r0-k1ll3r/Downloads/hackBlox/Round02/data/train/undefined/pool_9f0977.jpg,pool_9f0977.jpg,buildings,street,1.363,0.5301,0.3366
3499,/home/h3r0-k1ll3r/Downloads/hackBlox/Round02/data/train/undefined/pool_7924c5.jpg,pool_7924c5.jpg,buildings,mountain,1.3578,0.5195,0.3202
2936,/home/h3r0-k1ll3r/Downloads/hackBlox/Round02/data/train/undefined/pool_61e7b9.jpg,pool_61e7b9.jpg,buildings,sea,1.3571,0.4146,0.0545
2684,/home/h3r0-k1ll3r/Downloads/hackBlox/Round02/data/train/undefined/pool_57ca1a.jpg,pool_57ca1a.jpg,buildings,street,1.3557,0.5002,0.2787
3215,/home/h3r0-k1ll3r/Downloads/hackBlox/Round02/data/train/undefined/pool_6cce25.jpg,pool_6cce25.jpg,buildings,sea,1.3543,0.5182,0.3078
1908,/home/h3r0-k1ll3r/Downloads/hackBlox/Round02/data/train/undefined/pool_36f9a3.jpg,pool_36f9a3.jpg,buildings,street,1.3537,0.531,0.3567
5862,/home/h3r0-k1ll3r/Downloads/hackBlox/Round02/data/train/undefined/pool_dff507.jpg,pool_dff507.jpg,buildings,sea,1.3531,0.4039,0.0251
5362,/home/h3r0-k1ll3r/Downloads/hackBlox/Round02/data/train/undefined/pool_c99282.jpg,pool_c99282.jpg,buildings,street,1.3474,0.3654,0.015
2858,/home/h3r0-k1ll3r/Downloads/hackBlox/Round02/data/train/undefined/pool_5eb63d.jpg,pool_5eb63d.jpg,buildings,street,1.3451,0.5479,0.3774
1698,/home/h3r0-k1ll3r/Downloads/hackBlox/Round02/data/train/undefined/pool_2f7ec2.jpg,pool_2f7ec2.jpg,buildings,street,1.3447,0.5695,0.4373
6155,/home/h3r0-k1ll3r/Downloads/hackBlox/Round02/data/train/undefined/pool_ec79d9.jpg,pool_ec79d9.jpg,buildings,street,1.3443,0.4695,0.1844
5093,/home/h3r0-k1ll3r/Downloads/hackBlox/Round02/data/train/undefined/pool_bd87f7.jpg,pool_bd87f7.jpg,buildings,sea,1.3402,0.5337,0.3248
4619,/home/h3r0-k1ll3r/Downloads/hackBlox/Round02/data/train/undefined/pool_a94857.jpg,pool_a94857.jpg,buildings,street,1.3383,0.4466,0.1104
1715,/home/h3r0-k1ll3r/Downloads/hackBlox/Round02/data/train/undefined/pool_303eed.jpg,pool_303eed.jpg,buildings,mountain,1.337,0.394,0.0123
4204,/home/h3r0-k1ll3r/Downloads/hackBlox/Round02/data/train/undefined/pool_97437a.jpg,pool_97437a.jpg,buildings,sea,1.3328,0.5178,0.2647
1744,/home/h3r0-k1ll3r/Downloads/hackBlox/Round02/data/train/undefined/pool_316146.jpg,pool_316146.jpg,buildings,mountain,1.3303,0.4524,0.1098
3260,/home/h3r0-k1ll3r/Downloads/hackBlox/Round02/data/train/undefined/pool_6e98c4.jpg,pool_6e98c4.jpg,buildings,mountain,1.3301,0.4714,0.1841
3207,/home/h3r0-k1ll3r/Downloads/hackBlox/Round02/data/train/undefined/pool_6c8d81.jpg,pool_6c8d81.jpg,buildings,street,1.3282,0.384,0.0762
4413,/home/h3r0-k1ll3r/Downloads/hackBlox/Round02/data/train/undefined/pool_a0eb2f.jpg,pool_a0eb2f.jpg,buildings,sea,1.3282,0.4038,0.0339
743,/home/h3r0-k1ll3r/Downloads/hackBlox/Round02/data/train/undefined/pool_06b206.jpg,pool_06b206.jpg,buildings,street,1.3256,0.4178,0.0942
5750,/home/h3r0-k1ll3r/Downloads/hackBlox/Round02/data/train/undefined/pool_daa647.jpg,pool_daa647.jpg,buildings,street,1.3227,0.5445,0.3498
2741,/home/h3r0-k1ll3r/Downloads/hackBlox/Round02/data/train/undefined/pool_5a2c1d.jpg,pool_5a2c1d.jpg,buildings,street,1.3225,0.4715,0.1655
2359,/home/h3r0-k1ll3r/Downloads/hackBlox/Round02/data/train/undefined/pool_4a4678.jpg,pool_4a4678.jpg,buildings,sea,1.3215,0.5092,0.24
996,/home/h3r0-k1ll3r/Downloads/hackBlox/Round02/data/train/undefined/pool_1164c1.jpg,pool_1164c1.jpg,buildings,glacier,1.3195,0.5726,0.4445
5723,/home/h3r0-k1ll3r/Downloads/hackBlox/Round02/data/train/undefined/pool_d99a19.jpg,pool_d99a19.jpg,buildings,mountain,1.3194,0.4966,0.2007
6290,/home/h3r0-k1ll3r/Downloads/hackBlox/Round02/data/train/undefined/pool_f2d020.jpg,pool_f2d020.jpg,buildings,street,1.3129,0.3976,0.0335
5764,/home/h3r0-k1ll3r/Downloads/hackBlox/Round02/data/train/undefined/pool_db2a2d.jpg,pool_db2a2d.jpg,buildings,sea,1.3115,0.5511,0.3771
1782,/home/h3r0-k1ll3r/Downloads/hackBlox/Round02/data/train/undefined/pool_329bc2.jpg,pool_329bc2.jpg,buildings,mountain,1.3112,0.5232,0.289
4283,/home/h3r0-k1ll3r/Downloads/hackBlox/Round02/data/train/undefined/pool_9aad82.jpg,pool_9aad82.jpg,buildings,street,1.3016,0.4782,0.2049
3061,/home/h3r0-k1ll3r/Downloads/hackBlox/Round02/data/train/undefined/pool_66cd36.jpg,pool_66cd36.jpg,buildings,street,1.2986,0.5161,0.2849
5047,/home/h3r0-k1ll3r/Downloads/hackBlox/Round02/data/train/undefined/pool_bb0400.jpg,pool_bb0400.jpg,buildings,sea,1.2982,0.5363,0.3041
3366,/home/h3r0-k1ll3r/Downloads/hackBlox/Round02/data/train/undefined/pool_73433f.jpg,pool_73433f.jpg,buildings,street,1.2931,0.45,0.0977
862,/home/h3r0-k1ll3r/Downloads/hackBlox/Round02/data/train/undefined/pool_0b803a.jpg,pool_0b803a.jpg,buildings,sea,1.2921,0.4975,0.2735
1508,/home/h3r0-k1ll3r/Downloads/hackBlox/Round02/data/train/undefined/pool_2706b9.jpg,pool_2706b9.jpg,buildings,sea,1.2906,0.5597,0.3945
3202,/home/h3r0-k1ll3r/Downloads/hackBlox/Round02/data/train/undefined/pool_6c503f.jpg,pool_6c503f.jpg,buildings,mountain,1.2898,0.5853,0.4513
2971,/home/h3r0-k1ll3r/Downloads/hackBlox/Round02/data/train/undefined/pool_635c6b.jpg,pool_635c6b.jpg,buildings,street,1.2887,0.4816,0.1616
4628,/home/h3r0-k1ll3r/Downloads/hackBlox/Round02/data/train/undefined/pool_a9865f.jpg,pool_a9865f.jpg,buildings,street,1.2885,0.5122,0.2347
3440,/home/h3r0-k1ll3r/Downloads/hackBlox/Round02/data/train/undefined/pool_763699.jpg,pool_763699.jpg,buildings,street,1.2885,0.5616,0.3656
1617,/home/h3r0-k1ll3r/Downloads/hackBlox/Round02/data/train/undefined/pool_2c5cd2.jpg,pool_2c5cd2.jpg,buildings,street,1.288,0.5317,0.2794
1095,/home/h3r0-k1ll3r/Downloads/hackBlox/Round02/data/train/undefined/pool_14fcea.jpg,pool_14fcea.jpg,buildings,forest,1.2842,0.4657,0.1158
4604,/home/h3r0-k1ll3r/Downloads/hackBlox/Round02/data/train/undefined/pool_a8ba5f.jpg,pool_a8ba5f.jpg,buildings,sea,1.2829,0.4315,0.0493
5721,/home/h3r0-k1ll3r/Downloads/hackBlox/Round02/data/train/undefined/pool_d97a5c.jpg,pool_d97a5c.jpg,buildings,mountain,1.2821,0.5428,0.3012
4864,/home/h3r0-k1ll3r/Downloads/hackBlox/Round02/data/train/undefined/pool_b38e68.jpg,pool_b38e68.jpg,buildings,street,1.2805,0.4309,0.051
2687,/home/h3r0-k1ll3r/Downloads/hackBlox/Round02/data/train/undefined/pool_57d89a.jpg,pool_57d89a.jpg,buildings,street,1.2781,0.5082,0.2838
4173,/home/h3r0-k1ll3r/Downloads/hackBlox/Round02/data/train/undefined/pool_95cd11.jpg,pool_95cd11.jpg,forest,buildings,1.6295,0.3292,0.1012
6064,/home/h3r0-k1ll3r/Downloads/hackBlox/Round02/data/train/undefined/pool_e8d88f.jpg,pool_e8d88f.jpg,forest,street,1.6187,0.3225,0.0816
4349,/home/h3r0-k1ll3r/Downloads/hackBlox/Round02/data/train/undefined/pool_9e0459.jpg,pool_9e0459.jpg,forest,sea,1.617,0.3044,0.0699
4849,/home/h3r0-k1ll3r/Downloads/hackBlox/Round02/data/train/undefined/pool_b2b67b.jpg,pool_b2b67b.jpg,forest,buildings,1.5971,0.362,0.1362
5876,/home/h3r0-k1ll3r/Downloads/hackBlox/Round02/data/train/undefined/pool_e0e34e.jpg,pool_e0e34e.jpg,forest,glacier,1.5683,0.3349,0.1012
1814,/home/h3r0-k1ll3r/Downloads/hackBlox/Round02/data/train/undefined/pool_342cc7.jpg,pool_342cc7.jpg,forest,buildings,1.5396,0.3367,0.0688
6485,/home/h3r0-k1ll3r/Downloads/hackBlox/Round02/data/train/undefined/pool_fb1b81.jpg,pool_fb1b81.jpg,forest,buildings,1.5367,0.3146,0.019
4068,/home/h3r0-k1ll3r/Downloads/hackBlox/Round02/data/train/undefined/pool_91124e.jpg,pool_91124e.jpg,forest,sea,1.5351,0.3886,0.1377
4049,/home/h3r0-k1ll3r/Downloads/hackBlox/Round02/data/train/undefined/pool_9032e1.jpg,pool_9032e1.jpg,forest,mountain,1.5314,0.3826,0.1443
4013,/home/h3r0-k1ll3r/Downloads/hackBlox/Round02/data/train/undefined/pool_8eabc2.jpg,pool_8eabc2.jpg,forest,street,1.5149,0.2934,0.0466
4231,/home/h3r0-k1ll3r/Downloads/hackBlox/Round02/data/train/undefined/pool_988779.jpg,pool_988779.jpg,forest,buildings,1.5018,0.4072,0.1687
2309,/home/h3r0-k1ll3r/Downloads/hackBlox/Round02/data/train/undefined/pool_47d7ff.jpg,pool_47d7ff.jpg,forest,street,1.5002,0.3971,0.0968
2719,/home/h3r0-k1ll3r/Downloads/hackBlox/Round02/data/train/undefined/pool_591c80.jpg,pool_591c80.jpg,forest,street,1.485,0.4445,0.2542
4683,/home/h3r0-k1ll3r/Downloads/hackBlox/Round02/data/train/undefined/pool_ab45d0.jpg,pool_ab45d0.jpg,forest,glacier,1.4822,0.4379,0.1805
1995,/home/h3r0-k1ll3r/Downloads/hackBlox/Round02/data/train/undefined/pool_3ab0c2.jpg,pool_3ab0c2.jpg,forest,buildings,1.4778,0.4403,0.2387
6504,/home/h3r0-k1ll3r/Downloads/hackBlox/Round02/data/train/undefined/pool_fc29c1.jpg,pool_fc29c1.jpg,forest,buildings,1.4713,0.336,0.0331
5673,/home/h3r0-k1ll3r/Downloads/hackBlox/Round02/data/train/undefined/pool_d736b2.jpg,pool_d736b2.jpg,forest,street,1.4579,0.3984,0.1484
4058,/home/h3r0-k1ll3r/Downloads/hackBlox/Round02/data/train/undefined/pool_90998d.jpg,pool_90998d.jpg,forest,buildings,1.4441,0.4211,0.1419
5682,/home/h3r0-k1ll3r/Downloads/hackBlox/Round02/data/train/undefined/pool_d775f9.jpg,pool_d775f9.jpg,forest,street,1.4398,0.4048,0.1448
2573,/home/h3r0-k1ll3r/Downloads/hackBlox/Round02/data/train/undefined/pool_534bb4.jpg,pool_534bb4.jpg,forest,glacier,1.4208,0.486,0.2544
3098,/home/h3r0-k1ll3r/Downloads/hackBlox/Round02/data/train/undefined/pool_686507.jpg,pool_686507.jpg,forest,buildings,1.3888,0.4994,0.2723
1191,/home/h3r0-k1ll3r/Downloads/hackBlox/Round02/data/train/undefined/pool_199ed4.jpg,pool_199ed4.jpg,forest,street,1.3852,0.4205,0.1218
5880,/home/h3r0-k1ll3r/Downloads/hackBlox/Round02/data/train/undefined/pool_e11e84.jpg,pool_e11e84.jpg,forest,buildings,1.3847,0.3533,0.0007
6529,/home/h3r0-k1ll3r/Downloads/hackBlox/Round02/data/train/undefined/pool_fd4518.jpg,pool_fd4518.jpg,forest,street,1.3829,0.3326,0.0058
6416,/home/h3r0-k1ll3r/Downloads/hackBlox/Round02/data/train/undefined/pool_f87c4d.jpg,pool_f87c4d.jpg,forest,mountain,1.3637,0.4159,0.1423
1843,/home/h3r0-k1ll3r/Downloads/hackBlox/Round02/data/train/undefined/pool_34d136.jpg,pool_34d136.jpg,forest,buildings,1.3581,0.5078,0.3105
2685,/home/h3r0-k1ll3r/Downloads/hackBlox/Round02/data/train/undefined/pool_57caca.jpg,pool_57caca.jpg,forest,buildings,1.3571,0.3863,0.1098
1588,/home/h3r0-k1ll3r/Downloads/hackBlox/Round02/data/train/undefined/pool_2b00a5.jpg,pool_2b00a5.jpg,forest,street,1.3546,0.3539,0.0346
4399,/home/h3r0-k1ll3r/Downloads/hackBlox/Round02/data/train/undefined/pool_a043ae.jpg,pool_a043ae.jpg,forest,mountain,1.3532,0.5562,0.4115
1009,/home/h3r0-k1ll3r/Downloads/hackBlox/Round02/data/train/undefined/pool_11ead6.jpg,pool_11ead6.jpg,forest,buildings,1.3519,0.3751,0.0903
5629,/home/h3r0-k1ll3r/Downloads/hackBlox/Round02/data/train/undefined/pool_d4f978.jpg,pool_d4f978.jpg,forest,buildings,1.3431,0.4376,0.1456
850,/home/h3r0-k1ll3r/Downloads/hackBlox/Round02/data/train/undefined/pool_0b2ac0.jpg,pool_0b2ac0.jpg,forest,street,1.3376,0.4692,0.1807
2838,/home/h3r0-k1ll3r/Downloads/hackBlox/Round02/data/train/undefined/pool_5dfec2.jpg,pool_5dfec2.jpg,forest,buildings,1.3366,0.5027,0.2323
6020,/home/h3r0-k1ll3r/Downloads/hackBlox/Round02/data/train/undefined/pool_e6db55.jpg,pool_e6db55.jpg,forest,street,1.3298,0.4494,0.1637
2786,/home/h3r0-k1ll3r/Downloads/hackBlox/Round02/data/train/undefined/pool_5c0fda.jpg,pool_5c0fda.jpg,forest,street,1.3298,0.3881,0.1155
4287,/home/h3r0-k1ll3r/Downloads/hackBlox/Round02/data/train/undefined/pool_9ad4ae.jpg,pool_9ad4ae.jpg,forest,street,1.3293,0.4422,0.1254
3342,/home/h3r0-k1ll3r/Downloads/hackBlox/Round02/data/train/undefined/pool_7263de.jpg,pool_7263de.jpg,forest,buildings,1.3222,0.4415,0.0933
1141,/home/h3r0-k1ll3r/Downloads/hackBlox/Round02/data/train/undefined/pool_1757c5.jpg,pool_1757c5.jpg,forest,street,1.3142,0.431,0.1161
3059,/home/h3r0-k1ll3r/Downloads/hackBlox/Round02/data/train/undefined/pool_66bd28.jpg,pool_66bd28.jpg,forest,street,1.3126,0.4109,0.0278
1760,/home/h3r0-k1ll3r/Downloads/hackBlox/Round02/data/train/undefined/pool_31ecff.jpg,pool_31ecff.jpg,forest,street,1.3108,0.4477,0.1167
5248,/home/h3r0-k1ll3r/Downloads/hackBlox/Round02/data/train/undefined/pool_c464d5.jpg,pool_c464d5.jpg,forest,sea,1.3045,0.5375,0.301
1684,/home/h3r0-k1ll3r/Downloads/hackBlox/Round02/data/train/undefined/pool_2ed199.jpg,pool_2ed199.jpg,forest,street,1.3008,0.4095,0.0603
2418,/home/h3r0-k1ll3r/Downloads/hackBlox/Round02/data/train/undefined/pool_4c5193.jpg,pool_4c5193.jpg,forest,buildings,1.2922,0.5786,0.4208
2129,/home/h3r0-k1ll3r/Downloads/hackBlox/Round02/data/train/undefined/pool_400b3b.jpg,pool_400b3b.jpg,forest,buildings,1.2919,0.3946,0.0303
1258,/home/h3r0-k1ll3r/Downloads/hackBlox/Round02/data/train/undefined/pool_1c987d.jpg,pool_1c987d.jpg,forest,buildings,1.2904,0.5593,0.3879
3262,/home/h3r0-k1ll3r/Downloads/hackBlox/Round02/data/train/undefined/pool_6ea31f.jpg,pool_6ea31f.jpg,forest,buildings,1.2877,0.4833,0.2512
1627,/home/h3r0-k1ll3r/Downloads/hackBlox/Round02/data/train/undefined/pool_2ca502.jpg,pool_2ca502.jpg,forest,street,1.2866,0.4757,0.1438
2312,/home/h3r0-k1ll3r/Downloads/hackBlox/Round02/data/train/undefined/pool_47fb3d.jpg,pool_47fb3d.jpg,forest,mountain,1.2837,0.5246,0.2759
3414,/home/h3r0-k1ll3r/Downloads/hackBlox/Round02/data/train/undefined/pool_752c3b.jpg,pool_752c3b.jpg,forest,street,1.2835,0.4649,0.1436
2555,/home/h3r0-k1ll3r/Downloads/hackBlox/Round02/data/train/undefined/pool_525d4f.jpg,pool_525d4f.jpg,forest,buildings,1.2829,0.4527,0.1049
5952,/home/h3r0-k1ll3r/Downloads/hackBlox/Round02/data/train/undefined/pool_e41c66.jpg,pool_e41c66.jpg,forest,mountain,1.282,0.4205,0.0228
3493,/home/h3r0-k1ll3r/Downloads/hackBlox/Round02/data/train/undefined/pool_78ea1b.jpg,pool_78ea1b.jpg,forest,street,1.2775,0.4382,0.0912
4798,/home/h3r0-k1ll3r/Downloads/hackBlox/Round02/data/train/undefined/pool_b06e54.jpg,pool_b06e54.jpg,forest,buildings,1.2669,0.4663,0.1332
2282,/home/h3r0-k1ll3r/Downloads/hackBlox/Round02/data/train/undefined/pool_46d028.jpg,pool_46d028.jpg,forest,buildings,1.2643,0.5013,0.2516
773,/home/h3r0-k1ll3r/Downloads/hackBlox/Round02/data/train/undefined/pool_07b194.jpg,pool_07b194.jpg,forest,street,1.2626,0.4645,0.1041
2928,/home/h3r0-k1ll3r/Downloads/hackBlox/Round02/data/train/undefined/pool_6193b5.jpg,pool_6193b5.jpg,forest,street,1.2585,0.5449,0.351
2026,/home/h3r0-k1ll3r/Downloads/hackBlox/Round02/data/train/undefined/pool_3c5a64.jpg,pool_3c5a64.jpg,forest,buildings,1.2543,0.4379,0.0573
5087,/home/h3r0-k1ll3r/Downloads/hackBlox/Round02/data/train/undefined/pool_bd3565.jpg,pool_bd3565.jpg,forest,buildings,1.2512,0.4181,0.0006
1101,/home/h3r0-k1ll3r/Downloads/hackBlox/Round02/data/train/undefined/pool_1571df.jpg,pool_1571df.jpg,forest,street,1.249,0.5543,0.3314
5992,/home/h3r0-k1ll3r/Downloads/hackBlox/Round02/data/train/undefined/pool_e596b3.jpg,pool_e596b3.jpg,forest,buildings,1.2477,0.4346,0.0594
3128,/home/h3r0-k1ll3r/Downloads/hackBlox/Round02/data/train/undefined/pool_693e17.jpg,pool_693e17.jpg,forest,street,1.2379,0.5032,0.1819
6021,/home/h3r0-k1ll3r/Downloads/hackBlox/Round02/data/train/undefined/pool_e6e39a.jpg,pool_e6e39a.jpg,forest,street,1.2276,0.5853,0.3929
5274,/home/h3r0-k1ll3r/Downloads/hackBlox/Round02/data/train/undefined/pool_c5642b.jpg,pool_c5642b.jpg,forest,street,1.2076,0.4887,0.1583
6180,/home/h3r0-k1ll3r/Downloads/hackBlox/Round02/data/train/undefined/pool_ed9c25.jpg,pool_ed9c25.jpg,forest,street,1.2049,0.5932,0.3801
889,/home/h3r0-k1ll3r/Downloads/hackBlox/Round02/data/train/undefined/pool_0c9cda.jpg,pool_0c9cda.jpg,forest,street,1.1927,0.4843,0.1221
1229,/home/h3r0-k1ll3r/Downloads/hackBlox/Round02/data/train/undefined/pool_1b0284.jpg,pool_1b0284.jpg,forest,buildings,1.1897,0.5486,0.2671
4819,/home/h3r0-k1ll3r/Downloads/hackBlox/Round02/data/train/undefined/pool_b139d2.jpg,pool_b139d2.jpg,forest,street,1.1881,0.5251,0.2021
5089,/home/h3r0-k1ll3r/Downloads/hackBlox/Round02/data/train/undefined/pool_bd435d.jpg,pool_bd435d.jpg,forest,street,1.1853,0.5012,0.1535
4249,/home/h3r0-k1ll3r/Downloads/hackBlox/Round02/data/train/undefined/pool_994969.jpg,pool_994969.jpg,forest,buildings,1.1846,0.5712,0.3636
1523,/home/h3r0-k1ll3r/Downloads/hackBlox/Round02/data/train/undefined/pool_27a299.jpg,pool_27a299.jpg,forest,street,1.1784,0.4391,0.0175
1660,/home/h3r0-k1ll3r/Downloads/hackBlox/Round02/data/train/undefined/pool_2debf3.jpg,pool_2debf3.jpg,forest,glacier,1.1751,0.4363,0.0156
1690,/home/h3r0-k1ll3r/Downloads/hackBlox/Round02/data/train/undefined/pool_2f2568.jpg,pool_2f2568.jpg,forest,buildings,1.1727,0.5992,0.4163
4689,/home/h3r0-k1ll3r/Downloads/hackBlox/Round02/data/train/undefined/pool_ab7169.jpg,pool_ab7169.jpg,forest,glacier,1.1726,0.5983,0.3674
5901,/home/h3r0-k1ll3r/Downloads/hackBlox/Round02/data/train/undefined/pool_e222d7.jpg,pool_e222d7.jpg,forest,buildings,1.1711,0.5533,0.2727
3100,/home/h3r0-k1ll3r/Downloads/hackBlox/Round02/data/train/undefined/pool_686bf2.jpg,pool_686bf2.jpg,forest,street,1.1673,0.4486,0.0391
5492,/home/h3r0-k1ll3r/Downloads/hackBlox/Round02/data/train/undefined/pool_cf5284.jpg,pool_cf5284.jpg,forest,street,1.1672,0.5087,0.1629
646,/home/h3r0-k1ll3r/Downloads/hackBlox/Round02/data/train/undefined/pool_021865.jpg,pool_021865.jpg,forest,buildings,1.1615,0.6187,0.4134
3741,/home/h3r0-k1ll3r/Downloads/hackBlox/Round02/data/train/undefined/pool_82a13b.jpg,pool_82a13b.jpg,forest,street,1.1603,0.6003,0.4046
4550,/home/h3r0-k1ll3r/Downloads/hackBlox/Round02/data/train/undefined/pool_a6aa5d.jpg,pool_a6aa5d.jpg,forest,street,1.1561,0.5326,0.203
5191,/home/h3r0-k1ll3r/Downloads/hackBlox/Round02/data/train/undefined/pool_c1ff69.jpg,pool_c1ff69.jpg,forest,glacier,1.155,0.6428,0.4872
2015,/home/h3r0-k1ll3r/Downloads/hackBlox/Round02/data/train/undefined/pool_3bbabb.jpg,pool_3bbabb.jpg,forest,street,1.1527,0.4537,0.0352
5928,/home/h3r0-k1ll3r/Downloads/hackBlox/Round02/data/train/undefined/pool_e388b6.jpg,pool_e388b6.jpg,forest,buildings,1.1503,0.5864,0.3447
915,/home/h3r0-k1ll3r/Downloads/hackBlox/Round02/data/train/undefined/pool_0d861f.jpg,pool_0d861f.jpg,forest,street,1.1493,0.6216,0.4348
5841,/home/h3r0-k1ll3r/Downloads/hackBlox/Round02/data/train/undefined/pool_dee8cb.jpg,pool_dee8cb.jpg,glacier,mountain,1.6283,0.3706,0.1956
5741,/home/h3r0-k1ll3r/Downloads/hackBlox/Round02/data/train/undefined/pool_da595f.jpg,pool_da595f.jpg,glacier,mountain,1.6236,0.2766,0.018
5159,/home/h3r0-k1ll3r/Downloads/hackBlox/Round02/data/train/undefined/pool_c04f70.jpg,pool_c04f70.jpg,glacier,street,1.6009,0.3569,0.1206
1754,/home/h3r0-k1ll3r/Downloads/hackBlox/Round02/data/train/undefined/pool_31ca8e.jpg,pool_31ca8e.jpg,glacier,sea,1.5854,0.363,0.0877
3306,/home/h3r0-k1ll3r/Downloads/hackBlox/Round02/data/train/undefined/pool_70c77f.jpg,pool_70c77f.jpg,glacier,mountain,1.5737,0.359,0.1167
6521,/home/h3r0-k1ll3r/Downloads/hackBlox/Round02/data/train/undefined/pool_fd1564.jpg,pool_fd1564.jpg,glacier,forest,1.5641,0.3727,0.1477
5522,/home/h3r0-k1ll3r/Downloads/hackBlox/Round02/data/train/undefined/pool_d0f52c.jpg,pool_d0f52c.jpg,glacier,buildings,1.5426,0.3457,0.0542
4832,/home/h3r0-k1ll3r/Downloads/hackBlox/Round02/data/train/undefined/pool_b1d3f9.jpg,pool_b1d3f9.jpg,glacier,sea,1.5277,0.3127,0.0474
6089,/home/h3r0-k1ll3r/Downloads/hackBlox/Round02/data/train/undefined/pool_ea04a4.jpg,pool_ea04a4.jpg,glacier,buildings,1.5246,0.3975,0.1878
5681,/home/h3r0-k1ll3r/Downloads/hackBlox/Round02/data/train/undefined/pool_d77234.jpg,pool_d77234.jpg,glacier,forest,1.5211,0.3916,0.138
5512,/home/h3r0-k1ll3r/Downloads/hackBlox/Round02/data/train/undefined/pool_d08b97.jpg,pool_d08b97.jpg,glacier,sea,1.5206,0.3909,0.1095
3723,/home/h3r0-k1ll3r/Downloads/hackBlox/Round02/data/train/undefined/pool_81c62f.jpg,pool_81c62f.jpg,glacier,sea,1.5194,0.307,0.0154
4171,/home/h3r0-k1ll3r/Downloads/hackBlox/Round02/data/train/undefined/pool_95c0aa.jpg,pool_95c0aa.jpg,glacier,street,1.5169,0.3687,0.0842
2513,/home/h3r0-k1ll3r/Downloads/hackBlox/Round02/data/train/undefined/pool_50a07c.jpg,pool_50a07c.jpg,glacier,forest,1.4934,0.4089,0.1717
4532,/home/h3r0-k1ll3r/Downloads/hackBlox/Round02/data/train/undefined/pool_a5bb21.jpg,pool_a5bb21.jpg,glacier,mountain,1.4933,0.4264,0.1853
3434,/home/h3r0-k1ll3r/Downloads/hackBlox/Round02/data/train/undefined/pool_75dfda.jpg,pool_75dfda.jpg,glacier,mountain,1.4907,0.3715,0.0594
805,/home/h3r0-k1ll3r/Downloads/hackBlox/Round02/data/train/undefined/pool_08f1ec.jpg,pool_08f1ec.jpg,glacier,buildings,1.4892,0.3702,0.0884
3948,/home/h3r0-k1ll3r/Downloads/hackBlox/Round02/data/train/undefined/pool_8bf448.jpg,pool_8bf448.jpg,glacier,sea,1.4883,0.434,0.2222
3858,/home/h3r0-k1ll3r/Downloads/hackBlox/Round02/data/train/undefined/pool_878cd6.jpg,pool_878cd6.jpg,glacier,street,1.4826,0.3787,0.0681
6322,/home/h3r0-k1ll3r/Downloads/hackBlox/Round02/data/train/undefined/pool_f462b7.jpg,pool_f462b7.jpg,glacier,sea,1.4752,0.4034,0.1551
5581,/home/h3r0-k1ll3r/Downloads/hackBlox/Round02/data/train/undefined/pool_d34c51.jpg,pool_d34c51.jpg,glacier,sea,1.474,0.385,0.0823
5873,/home/h3r0-k1ll3r/Downloads/hackBlox/Round02/data/train/undefined/pool_e0c255.jpg,pool_e0c255.jpg,glacier,sea,1.4693,0.4111,0.1465
3569,/home/h3r0-k1ll3r/Downloads/hackBlox/Round02/data/train/undefined/pool_7bb1e7.jpg,pool_7bb1e7.jpg,glacier,forest,1.4642,0.4493,0.1969
6066,/home/h3r0-k1ll3r/Downloads/hackBlox/Round02/data/train/undefined/pool_e8e8e8.jpg,pool_e8e8e8.jpg,glacier,buildings,1.4495,0.3573,0.0833
6498,/home/h3r0-k1ll3r/Downloads/hackBlox/Round02/data/train/undefined/pool_fbc4ec.jpg,pool_fbc4ec.jpg,glacier,sea,1.4412,0.5035,0.3395
5410,/home/h3r0-k1ll3r/Downloads/hackBlox/Round02/data/train/undefined/pool_cb4f41.jpg,pool_cb4f41.jpg,glacier,buildings,1.4411,0.427,0.1545
4799,/home/h3r0-k1ll3r/Downloads/hackBlox/Round02/data/train/undefined/pool_b09a6b.jpg,pool_b09a6b.jpg,glacier,street,1.4406,0.3762,0.1184
5645,/home/h3r0-k1ll3r/Downloads/hackBlox/Round02/data/train/undefined/pool_d5979c.jpg,pool_d5979c.jpg,glacier,mountain,1.4366,0.3293,0.0078
1792,/home/h3r0-k1ll3r/Downloads/hackBlox/Round02/data/train/undefined/pool_32f096.jpg,pool_32f096.jpg,glacier,sea,1.4311,0.3658,0.0242
2701,/home/h3r0-k1ll3r/Downloads/hackBlox/Round02/data/train/undefined/pool_5892b5.jpg,pool_5892b5.jpg,glacier,mountain,1.431,0.3857,0.0713
1665,/home/h3r0-k1ll3r/Downloads/hackBlox/Round02/data/train/undefined/pool_2e14b9.jpg,pool_2e14b9.jpg,glacier,mountain,1.4163,0.3547,0.0313
4095,/home/h3r0-k1ll3r/Downloads/hackBlox/Round02/data/train/undefined/pool_92d21e.jpg,pool_92d21e.jpg,glacier,mountain,1.4106,0.4438,0.2022
3553,/home/h3r0-k1ll3r/Downloads/hackBlox/Round02/data/train/undefined/pool_7b2659.jpg,pool_7b2659.jpg,glacier,mountain,1.4104,0.4952,0.2774
5537,/home/h3r0-k1ll3r/Downloads/hackBlox/Round02/data/train/undefined/pool_d17093.jpg,pool_d17093.jpg,glacier,street,1.4047,0.4958,0.3112
1934,/home/h3r0-k1ll3r/Downloads/hackBlox/Round02/data/train/undefined/pool_385c01.jpg,pool_385c01.jpg,glacier,street,1.4022,0.5123,0.344
3032,/home/h3r0-k1ll3r/Downloads/hackBlox/Round02/data/train/undefined/pool_6567a0.jpg,pool_6567a0.jpg,glacier,mountain,1.3996,0.5263,0.3657
2060,/home/h3r0-k1ll3r/Downloads/hackBlox/Round02/data/train/undefined/pool_3d7ab2.jpg,pool_3d7ab2.jpg,glacier,sea,1.3989,0.4842,0.2388
1359,/home/h3r0-k1ll3r/Downloads/hackBlox/Round02/data/train/undefined/pool_206155.jpg,pool_206155.jpg,glacier,street,1.395,0.4077,0.0649
654,/home/h3r0-k1ll3r/Downloads/hackBlox/Round02/data/train/undefined/pool_02b43d.jpg,pool_02b43d.jpg,glacier,sea,1.3907,0.4012,0.0694
1733,/home/h3r0-k1ll3r/Downloads/hackBlox/Round02/data/train/undefined/pool_30e2a7.jpg,pool_30e2a7.jpg,glacier,mountain,1.3819,0.4586,0.1562
5055,/home/h3r0-k1ll3r/Downloads/hackBlox/Round02/data/train/undefined/pool_bb6b3e.jpg,pool_bb6b3e.jpg,glacier,sea,1.3783,0.5363,0.4015
6410,/home/h3r0-k1ll3r/Downloads/hackBlox/Round02/data/train/undefined/pool_f803e1.jpg,pool_f803e1.jpg,glacier,mountain,1.3751,0.4123,0.1512
3392,/home/h3r0-k1ll3r/Downloads/hackBlox/Round02/data/train/undefined/pool_743965.jpg,pool_743965.jpg,glacier,forest,1.3728,0.4232,0.079
4965,/home/h3r0-k1ll3r/Downloads/hackBlox/Round02/data/train/undefined/pool_b75694.jpg,pool_b75694.jpg,glacier,sea,1.3714,0.3589,0.0219
1719,/home/h3r0-k1ll3r/Downloads/hackBlox/Round02/data/train/undefined/pool_305c5b.jpg,pool_305c5b.jpg,glacier,mountain,1.3713,0.4638,0.2137
1768,/home/h3r0-k1ll3r/Downloads/hackBlox/Round02/data/train/undefined/pool_3241dc.jpg,pool_3241dc.jpg,glacier,mountain,1.3713,0.4311,0.1249
2895,/home/h3r0-k1ll3r/Downloads/hackBlox/Round02/data/train/undefined/pool_60affd.jpg,pool_60affd.jpg,glacier,sea,1.3651,0.4045,0.0453
4954,/home/h3r0-k1ll3r/Downloads/hackBlox/Round02/data/train/undefined/pool_b6dfe8.jpg,pool_b6dfe8.jpg,glacier,buildings,1.3646,0.4663,0.1865
3465,/home/h3r0-k1ll3r/Downloads/hackBlox/Round02/data/train/undefined/pool_77c0da.jpg,pool_77c0da.jpg,glacier,mountain,1.3622,0.4104,0.0878
2990,/home/h3r0-k1ll3r/Downloads/hackBlox/Round02/data/train/undefined/pool_63cf8c.jpg,pool_63cf8c.jpg,glacier,mountain,1.3617,0.4619,0.1527
2140,/home/h3r0-k1ll3r/Downloads/hackBlox/Round02/data/train/undefined/pool_409498.jpg,pool_409498.jpg,glacier,street,1.3592,0.529,0.352
5577,/home/h3r0-k1ll3r/Downloads/hackBlox/Round02/data/train/undefined/pool_d30d54.jpg,pool_d30d54.jpg,glacier,sea,1.35,0.3971,0.0647
2664,/home/h3r0-k1ll3r/Downloads/hackBlox/Round02/data/train/undefined/pool_56dba7.jpg,pool_56dba7.jpg,glacier,buildings,1.3494,0.4351,0.104
1232,/home/h3r0-k1ll3r/Downloads/hackBlox/Round02/data/train/undefined/pool_1b1d26.jpg,pool_1b1d26.jpg,glacier,mountain,1.3487,0.5691,0.4506
2028,/home/h3r0-k1ll3r/Downloads/hackBlox/Round02/data/train/undefined/pool_3c6f6e.jpg,pool_3c6f6e.jpg,glacier,buildings,1.3477,0.4231,0.1296
2326,/home/h3r0-k1ll3r/Downloads/hackBlox/Round02/data/train/undefined/pool_48631e.jpg,pool_48631e.jpg,glacier,mountain,1.3448,0.3492,0.0315
667,/home/h3r0-k1ll3r/Downloads/hackBlox/Round02/data/train/undefined/pool_0318e8.jpg,pool_0318e8.jpg,glacier,buildings,1.3444,0.5263,0.353
5217,/home/h3r0-k1ll3r/Downloads/hackBlox/Round02/data/train/undefined/pool_c34ddd.jpg,pool_c34ddd.jpg,glacier,mountain,1.3423,0.3817,0.084
2304,/home/h3r0-k1ll3r/Downloads/hackBlox/Round02/data/train/undefined/pool_47b6cf.jpg,pool_47b6cf.jpg,glacier,mountain,1.3398,0.42,0.0736
2994,/home/h3r0-k1ll3r/Downloads/hackBlox/Round02/data/train/undefined/pool_63f8a5.jpg,pool_63f8a5.jpg,glacier,mountain,1.338,0.4571,0.1578
1689,/home/h3r0-k1ll3r/Downloads/hackBlox/Round02/data/train/undefined/pool_2f14f7.jpg,pool_2f14f7.jpg,glacier,mountain,1.3342,0.5522,0.3715
5144,/home/h3r0-k1ll3r/Downloads/hackBlox/Round02/data/train/undefined/pool_bf688b.jpg,pool_bf688b.jpg,glacier,street,1.3332,0.5612,0.4168
2815,/home/h3r0-k1ll3r/Downloads/hackBlox/Round02/data/train/undefined/pool_5d3912.jpg,pool_5d3912.jpg,glacier,buildings,1.3325,0.519,0.2815
3500,/home/h3r0-k1ll3r/Downloads/hackBlox/Round02/data/train/undefined/pool_79256c.jpg,pool_79256c.jpg,glacier,buildings,1.3308,0.5238,0.2852
3417,/home/h3r0-k1ll3r/Downloads/hackBlox/Round02/data/train/undefined/pool_753811.jpg,pool_753811.jpg,glacier,street,1.33,0.5093,0.237
1674,/home/h3r0-k1ll3r/Downloads/hackBlox/Round02/data/train/undefined/pool_2e7142.jpg,pool_2e7142.jpg,glacier,sea,1.33,0.3949,0.0516
6556,/home/h3r0-k1ll3r/Downloads/hackBlox/Round02/data/train/undefined/pool_fea685.jpg,pool_fea685.jpg,glacier,mountain,1.3244,0.4049,0.1338
2791,/home/h3r0-k1ll3r/Downloads/hackBlox/Round02/data/train/undefined/pool_5c50db.jpg,pool_5c50db.jpg,glacier,sea,1.3238,0.4178,0.0928
2974,/home/h3r0-k1ll3r/Downloads/hackBlox/Round02/data/train/undefined/pool_636e1d.jpg,pool_636e1d.jpg,glacier,sea,1.3207,0.5034,0.2639
4034,/home/h3r0-k1ll3r/Downloads/hackBlox/Round02/data/train/undefined/pool_8fab8a.jpg,pool_8fab8a.jpg,glacier,sea,1.3201,0.4855,0.2316
3801,/home/h3r0-k1ll3r/Downloads/hackBlox/Round02/data/train/undefined/pool_854a6a.jpg,pool_854a6a.jpg,glacier,mountain,1.3151,0.4897,0.231
3557,/home/h3r0-k1ll3r/Downloads/hackBlox/Round02/data/train/undefined/pool_7b5ad3.jpg,pool_7b5ad3.jpg,glacier,forest,1.3136,0.4379,0.0981
3645,/home/h3r0-k1ll3r/Downloads/hackBlox/Round02/data/train/undefined/pool_7eec63.jpg,pool_7eec63.jpg,glacier,mountain,1.3135,0.3507,0.0206
4148,/home/h3r0-k1ll3r/Downloads/hackBlox/Round02/data/train/undefined/pool_94f306.jpg,pool_94f306.jpg,glacier,sea,1.3119,0.4084,0.055
2766,/home/h3r0-k1ll3r/Downloads/hackBlox/Round02/data/train/undefined/pool_5b2649.jpg,pool_5b2649.jpg,glacier,sea,1.3107,0.4584,0.1256
1434,/home/h3r0-k1ll3r/Downloads/hackBlox/Round02/data/train/undefined/pool_239e8b.jpg,pool_239e8b.jpg,glacier,mountain,1.306,0.4643,0.1728
4299,/home/h3r0-k1ll3r/Downloads/hackBlox/Round02/data/train/undefined/pool_9b75fd.jpg,pool_9b75fd.jpg,glacier,mountain,1.3053,0.4116,0.035
4208,/home/h3r0-k1ll3r/Downloads/hackBlox/Round02/data/train/undefined/pool_9776b6.jpg,pool_9776b6.jpg,glacier,forest,1.3047,0.4759,0.2392
6369,/home/h3r0-k1ll3r/Downloads/hackBlox/Round02/data/train/undefined/pool_f664f7.jpg,pool_f664f7.jpg,glacier,sea,1.3035,0.4195,0.0452
2190,/home/h3r0-k1ll3r/Downloads/hackBlox/Round02/data/train/undefined/pool_431a24.jpg,pool_431a24.jpg,glacier,street,1.3,0.5659,0.3779
5113,/home/h3r0-k1ll3r/Downloads/hackBlox/Round02/data/train/undefined/pool_be6a6a.jpg,pool_be6a6a.jpg,glacier,mountain,1.2952,0.4763,0.2385
5725,/home/h3r0-k1ll3r/Downloads/hackBlox/Round02/data/train/undefined/pool_d9b8db.jpg,pool_d9b8db.jpg,glacier,street,1.2883,0.5278,0.2582
4886,/home/h3r0-k1ll3r/Downloads/hackBlox/Round02/data/train/undefined/pool_b45f10.jpg,pool_b45f10.jpg,glacier,mountain,1.2875,0.5548,0.3451
6184,/home/h3r0-k1ll3r/Downloads/hackBlox/Round02/data/train/undefined/pool_ede7b6.jpg,pool_ede7b6.jpg,glacier,mountain,1.2861,0.4753,0.1517
3766,/home/h3r0-k1ll3r/Downloads/hackBlox/Round02/data/train/undefined/pool_83d77d.jpg,pool_83d77d.jpg,mountain,street,1.6249,0.3293,0.0968
4847,/home/h3r0-k1ll3r/Downloads/hackBlox/Round02/data/train/undefined/pool_b29d02.jpg,pool_b29d02.jpg,mountain,buildings,1.6208,0.3426,0.1445
2821,/home/h3r0-k1ll3r/Downloads/hackBlox/Round02/data/train/undefined/pool_5d7ce6.jpg,pool_5d7ce6.jpg,mountain,sea,1.6001,0.3134,0.0773
1604,/home/h3r0-k1ll3r/Downloads/hackBlox/Round02/data/train/undefined/pool_2b6939.jpg,pool_2b6939.jpg,mountain,buildings,1.5863,0.3309,0.1192
663,/home/h3r0-k1ll3r/Downloads/hackBlox/Round02/data/train/undefined/pool_02f64e.jpg,pool_02f64e.jpg,mountain,buildings,1.5843,0.3397,0.1118
6222,/home/h3r0-k1ll3r/Downloads/hackBlox/Round02/data/train/undefined/pool_ef7025.jpg,pool_ef7025.jpg,mountain,sea,1.5827,0.3358,0.0594
3552,/home/h3r0-k1ll3r/Downloads/hackBlox/Round02/data/train/undefined/pool_7b186f.jpg,pool_7b186f.jpg,mountain,sea,1.5819,0.3393,0.0816
5740,/home/h3r0-k1ll3r/Downloads/hackBlox/Round02/data/train/undefined/pool_da4801.jpg,pool_da4801.jpg,mountain,glacier,1.5718,0.3448,0.1074
1580,/home/h3r0-k1ll3r/Downloads/hackBlox/Round02/data/train/undefined/pool_2aa9f0.jpg,pool_2aa9f0.jpg,mountain,street,1.561,0.3431,0.0643
2633,/home/h3r0-k1ll3r/Downloads/hackBlox/Round02/data/train/undefined/pool_558892.jpg,pool_558892.jpg,mountain,buildings,1.5524,0.3658,0.0992
2516,/home/h3r0-k1ll3r/Downloads/hackBlox/Round02/data/train/undefined/pool_50b16a.jpg,pool_50b16a.jpg,mountain,forest,1.5457,0.3836,0.1367
4693,/home/h3r0-k1ll3r/Downloads/hackBlox/Round02/data/train/undefined/pool_aba80f.jpg,pool_aba80f.jpg,mountain,buildings,1.5438,0.2861,0.0386
6065,/home/h3r0-k1ll3r/Downloads/hackBlox/Round02/data/train/undefined/pool_e8d8ce.jpg,pool_e8d8ce.jpg,mountain,buildings,1.5336,0.4571,0.2867
5758,/home/h3r0-k1ll3r/Downloads/hackBlox/Round02/data/train/undefined/pool_dadef4.jpg,pool_dadef4.jpg,mountain,buildings,1.5321,0.3565,0.0378
6370,/home/h3r0-k1ll3r/Downloads/hackBlox/Round02/data/train/undefined/pool_f6690b.jpg,pool_f6690b.jpg,mountain,sea,1.5263,0.3487,0.0455
6551,/home/h3r0-k1ll3r/Downloads/hackBlox/Round02/data/train/undefined/pool_fe55b0.jpg,pool_fe55b0.jpg,mountain,buildings,1.5262,0.3085,0.0336
2676,/home/h3r0-k1ll3r/Downloads/hackBlox/Round02/data/train/undefined/pool_575bfb.jpg,pool_575bfb.jpg,mountain,sea,1.5179,0.3175,0.0261
3171,/home/h3r0-k1ll3r/Downloads/hackBlox/Round02/data/train/undefined/pool_6b123b.jpg,pool_6b123b.jpg,mountain,sea,1.5161,0.3417,0.0599
1138,/home/h3r0-k1ll3r/Downloads/hackBlox/Round02/data/train/undefined/pool_1749ca.jpg,pool_1749ca.jpg,mountain,buildings,1.515,0.4658,0.3043
3952,/home/h3r0-k1ll3r/Downloads/hackBlox/Round02/data/train/undefined/pool_8c1eb6.jpg,pool_8c1eb6.jpg,mountain,street,1.511,0.4493,0.2787
679,/home/h3r0-k1ll3r/Downloads/hackBlox/Round02/data/train/undefined/pool_042c2f.jpg,pool_042c2f.jpg,mountain,sea,1.5092,0.3951,0.1478
6166,/home/h3r0-k1ll3r/Downloads/hackBlox/Round02/data/train/undefined/pool_ecf22b.jpg,pool_ecf22b.jpg,mountain,street,1.4927,0.4345,0.2431
4193,/home/h3r0-k1ll3r/Downloads/hackBlox/Round02/data/train/undefined/pool_96d2a5.jpg,pool_96d2a5.jpg,mountain,street,1.4841,0.4258,0.2295
3589,/home/h3r0-k1ll3r/Downloads/hackBlox/Round02/data/train/undefined/pool_7cab39.jpg,pool_7cab39.jpg,mountain,sea,1.48,0.4347,0.1981
3326,/home/h3r0-k1ll3r/Downloads/hackBlox/Round02/data/train/undefined/pool_71a3c6.jpg,pool_71a3c6.jpg,mountain,glacier,1.477,0.4364,0.1955
1664,/home/h3r0-k1ll3r/Downloads/hackBlox/Round02/data/train/undefined/pool_2e1456.jpg,pool_2e1456.jpg,mountain,glacier,1.4751,0.3138,0.018
1387,/home/h3r0-k1ll3r/Downloads/hackBlox/Round02/data/train/undefined/pool_21b26b.jpg,pool_21b26b.jpg,mountain,buildings,1.4724,0.4413,0.232
3013,/home/h3r0-k1ll3r/Downloads/hackBlox/Round02/data/train/undefined/pool_64a7ca.jpg,pool_64a7ca.jpg,mountain,buildings,1.4689,0.3454,0.0485
3464,/home/h3r0-k1ll3r/Downloads/hackBlox/Round02/data/train/undefined/pool_77b318.jpg,pool_77b318.jpg,mountain,glacier,1.468,0.4335,0.1699
3502,/home/h3r0-k1ll3r/Downloads/hackBlox/Round02/data/train/undefined/pool_79307d.jpg,pool_79307d.jpg,mountain,buildings,1.464,0.4245,0.2054
3813,/home/h3r0-k1ll3r/Downloads/hackBlox/Round02/data/train/undefined/pool_859884.jpg,pool_859884.jpg,mountain,buildings,1.4588,0.4281,0.1758
3494,/home/h3r0-k1ll3r/Downloads/hackBlox/Round02/data/train/undefined/pool_78f757.jpg,pool_78f757.jpg,mountain,sea,1.4556,0.5044,0.3613
2208,/home/h3r0-k1ll3r/Downloads/hackBlox/Round02/data/train/undefined/pool_43aa62.jpg,pool_43aa62.jpg,mountain,sea,1.4445,0.351,0.0771
3095,/home/h3r0-k1ll3r/Downloads/hackBlox/Round02/data/train/undefined/pool_6859ff.jpg,pool_6859ff.jpg,mountain,glacier,1.4439,0.4306,0.1567
2502,/home/h3r0-k1ll3r/Downloads/hackBlox/Round02/data/train/undefined/pool_504b36.jpg,pool_504b36.jpg,mountain,sea,1.4423,0.4772,0.2523
2235,/home/h3r0-k1ll3r/Downloads/hackBlox/Round02/data/train/undefined/pool_449265.jpg,pool_449265.jpg,mountain,buildings,1.442,0.4363,0.1735
2037,/home/h3r0-k1ll3r/Downloads/hackBlox/Round02/data/train/undefined/pool_3caebc.jpg,pool_3caebc.jpg,mountain,buildings,1.4396,0.5179,0.3759
1194,/home/h3r0-k1ll3r/Downloads/hackBlox/Round02/data/train/undefined/pool_19b032.jpg,pool_19b032.jpg,mountain,sea,1.4292,0.4703,0.2768
604,/home/h3r0-k1ll3r/Downloads/hackBlox/Round02/data/train/undefined/pool_002e9d.jpg,pool_002e9d.jpg,mountain,sea,1.4289,0.3557,0.0533
4176,/home/h3r0-k1ll3r/Downloads/hackBlox/Round02/data/train/undefined/pool_960637.jpg,pool_960637.jpg,mountain,buildings,1.4262,0.4731,0.2582
2095,/home/h3r0-k1ll3r/Downloads/hackBlox/Round02/data/train/undefined/pool_3ec960.jpg,pool_3ec960.jpg,mountain,sea,1.4241,0.448,0.1955
2462,/home/h3r0-k1ll3r/Downloads/hackBlox/Round02/data/train/undefined/pool_4e1e1c.jpg,pool_4e1e1c.jpg,mountain,sea,1.4153,0.374,0.0027
1133,/home/h3r0-k1ll3r/Downloads/hackBlox/Round02/data/train/undefined/pool_16fda8.jpg,pool_16fda8.jpg,mountain,buildings,1.4078,0.4406,0.1583
1219,/home/h3r0-k1ll3r/Downloads/hackBlox/Round02/data/train/undefined/pool_1a997d.jpg,pool_1a997d.jpg,mountain,buildings,1.4068,0.4264,0.1641
4144,/home/h3r0-k1ll3r/Downloads/hackBlox/Round02/data/train/undefined/pool_94d7e4.jpg,pool_94d7e4.jpg,mountain,glacier,1.3992,0.499,0.2769
3116,/home/h3r0-k1ll3r/Downloads/hackBlox/Round02/data/train/undefined/pool_68e582.jpg,pool_68e582.jpg,mountain,forest,1.399,0.4132,0.1383
2137,/home/h3r0-k1ll3r/Downloads/hackBlox/Round02/data/train/undefined/pool_407add.jpg,pool_407add.jpg,mountain,buildings,1.3943,0.4183,0.0744
6532,/home/h3r0-k1ll3r/Downloads/hackBlox/Round02/data/train/undefined/pool_fd616e.jpg,pool_fd616e.jpg,mountain,glacier,1.388,0.3794,0.0074
1137,/home/h3r0-k1ll3r/Downloads/hackBlox/Round02/data/train/undefined/pool_1742b5.jpg,pool_1742b5.jpg,mountain,glacier,1.3817,0.4222,0.0914
4805,/home/h3r0-k1ll3r/Downloads/hackBlox/Round02/data/train/undefined/pool_b0c1d2.jpg,pool_b0c1d2.jpg,mountain,glacier,1.3815,0.4464,0.1306
5574,/home/h3r0-k1ll3r/Downloads/hackBlox/Round02/data/train/undefined/pool_d2f0d9.jpg,pool_d2f0d9.jpg,mountain,buildings,1.3791,0.4722,0.2553
1556,/home/h3r0-k1ll3r/Downloads/hackBlox/Round02/data/train/undefined/pool_297dbf.jpg,pool_297dbf.jpg,mountain,sea,1.3707,0.3858,0.0168
3845,/home/h3r0-k1ll3r/Downloads/hackBlox/Round02/data/train/undefined/pool_8706b3.jpg,pool_8706b3.jpg,mountain,glacier,1.3664,0.5109,0.2929
6257,/home/h3r0-k1ll3r/Downloads/hackBlox/Round02/data/train/undefined/pool_f14d03.jpg,pool_f14d03.jpg,mountain,forest,1.3628,0.4323,0.0825
711,/home/h3r0-k1ll3r/Downloads/hackBlox/Round02/data/train/undefined/pool_0568d6.jpg,pool_0568d6.jpg,mountain,glacier,1.3597,0.4831,0.2787
1051,/home/h3r0-k1ll3r/Downloads/hackBlox/Round02/data/train/undefined/pool_13683a.jpg,pool_13683a.jpg,mountain,street,1.3588,0.4084,0.0364
3029,/home/h3r0-k1ll3r/Downloads/hackBlox/Round02/data/train/undefined/pool_654632.jpg,pool_654632.jpg,mountain,sea,1.3577,0.3913,0.0436
1594,/home/h3r0-k1ll3r/Downloads/hackBlox/Round02/data/train/undefined/pool_2b1cf3.jpg,pool_2b1cf3.jpg,mountain,street,1.3569,0.4835,0.2199
5687,/home/h3r0-k1ll3r/Downloads/hackBlox/Round02/data/train/undefined/pool_d7ac31.jpg,pool_d7ac31.jpg,mountain,sea,1.3549,0.5063,0.2451
4726,/home/h3r0-k1ll3r/Downloads/hackBlox/Round02/data/train/undefined/pool_ad3ab3.jpg,pool_ad3ab3.jpg,mountain,buildings,1.3533,0.4683,0.1768
3283,/home/h3r0-k1ll3r/Downloads/hackBlox/Round02/data/train/undefined/pool_6f9df0.jpg,pool_6f9df0.jpg,mountain,buildings,1.352,0.3961,0.0297
3382,/home/h3r0-k1ll3r/Downloads/hackBlox/Round02/data/train/undefined/pool_73ddea.jpg,pool_73ddea.jpg,mountain,sea,1.3511,0.3158,0.0052
3044,/home/h3r0-k1ll3r/Downloads/hackBlox/Round02/data/train/undefined/pool_662fdd.jpg,pool_662fdd.jpg,mountain,buildings,1.3464,0.5386,0.3558
807,/home/h3r0-k1ll3r/Downloads/hackBlox/Round02/data/train/undefined/pool_093ee9.jpg,pool_093ee9.jpg,mountain,sea,1.3445,0.4053,0.0761
4602,/home/h3r0-k1ll3r/Downloads/hackBlox/Round02/data/train/undefined/pool_a8b0d3.jpg,pool_a8b0d3.jpg,mountain,sea,1.3381,0.4761,0.1822
2042,/home/h3r0-k1ll3r/Downloads/hackBlox/Round02/data/train/undefined/pool_3cdfd5.jpg,pool_3cdfd5.jpg,mountain,buildings,1.338,0.5624,0.3994
4243,/home/h3r0-k1ll3r/Downloads/hackBlox/Round02/data/train/undefined/pool_991c8c.jpg,pool_991c8c.jpg,mountain,glacier,1.3351,0.3745,0.0817
3753,/home/h3r0-k1ll3r/Downloads/hackBlox/Round02/data/train/undefined/pool_8331be.jpg,pool_8331be.jpg,mountain,glacier,1.3351,0.3928,0.0308
2689,/home/h3r0-k1ll3r/Downloads/hackBlox/Round02/data/train/undefined/pool_57e37f.jpg,pool_57e37f.jpg,mountain,glacier,1.3233,0.437,0.1549
2700,/home/h3r0-k1ll3r/Downloads/hackBlox/Round02/data/train/undefined/pool_587516.jpg,pool_587516.jpg,mountain,street,1.3207,0.5569,0.4025
6163,/home/h3r0-k1ll3r/Downloads/hackBlox/Round02/data/train/undefined/pool_ece8a0.jpg,pool_ece8a0.jpg,mountain,buildings,1.3197,0.4211,0.0393
1765,/home/h3r0-k1ll3r/Downloads/hackBlox/Round02/data/train/undefined/pool_32111c.jpg,pool_32111c.jpg,mountain,sea,1.3128,0.3962,0.021
6023,/home/h3r0-k1ll3r/Downloads/hackBlox/Round02/data/train/undefined/pool_e6f615.jpg,pool_e6f615.jpg,mountain,glacier,1.3096,0.4223,0.0399
4075,/home/h3r0-k1ll3r/Downloads/hackBlox/Round02/data/train/undefined/pool_917a7f.jpg,pool_917a7f.jpg,mountain,sea,1.3037,0.4444,0.0788
4428,/home/h3r0-k1ll3r/Downloads/hackBlox/Round02/data/train/undefined/pool_a1777c.jpg,pool_a1777c.jpg,mountain,glacier,1.3031,0.5797,0.4308
5774,/home/h3r0-k1ll3r/Downloads/hackBlox/Round02/data/train/undefined/pool_dba42f.jpg,pool_dba42f.jpg,mountain,street,1.301,0.5458,0.3752
1992,/home/h3r0-k1ll3r/Downloads/hackBlox/Round02/data/train/undefined/pool_3a97e1.jpg,pool_3a97e1.jpg,mountain,buildings,1.2984,0.5437,0.3676
5641,/home/h3r0-k1ll3r/Downloads/hackBlox/Round02/data/train/undefined/pool_d56b8c.jpg,pool_d56b8c.jpg,mountain,glacier,1.2984,0.5484,0.3445
4310,/home/h3r0-k1ll3r/Downloads/hackBlox/Round02/data/train/undefined/pool_9bfe2e.jpg,pool_9bfe2e.jpg,mountain,glacier,1.2947,0.4677,0.1685
1913,/home/h3r0-k1ll3r/Downloads/hackBlox/Round02/data/train/undefined/pool_373997.jpg,pool_373997.jpg,mountain,sea,1.2939,0.4495,0.1385
5498,/home/h3r0-k1ll3r/Downloads/hackBlox/Round02/data/train/undefined/pool_cf9bfb.jpg,pool_cf9bfb.jpg,mountain,sea,1.2917,0.46,0.1219
6208,/home/h3r0-k1ll3r/Downloads/hackBlox/Round02/data/train/undefined/pool_ef131c.jpg,pool_ef131c.jpg,mountain,buildings,1.289,0.5173,0.2431
5441,/home/h3r0-k1ll3r/Downloads/hackBlox/Round02/data/train/undefined/pool_cc9a18.jpg,pool_cc9a18.jpg,mountain,sea,1.2876,0.5159,0.2499
5214,/home/h3r0-k1ll3r/Downloads/hackBlox/Round02/data/train/undefined/pool_c31213.jpg,pool_c31213.jpg,mountain,glacier,1.2838,0.4307,0.0418
6396,/home/h3r0-k1ll3r/Downloads/hackBlox/Round02/data/train/undefined/pool_f7861a.jpg,pool_f7861a.jpg,sea,mountain,1.657,0.2846,0.0416
2363,/home/h3r0-k1ll3r/Downloads/hackBlox/Round02/data/train/undefined/pool_4a57d8.jpg,pool_4a57d8.jpg,sea,mountain,1.5879,0.3377,0.0323
3049,/home/h3r0-k1ll3r/Downloads/hackBlox/Round02/data/train/undefined/pool_667124.jpg,pool_667124.jpg,sea,mountain,1.5818,0.3792,0.1458
5209,/home/h3r0-k1ll3r/Downloads/hackBlox/Round02/data/train/undefined/pool_c2a9ac.jpg,pool_c2a9ac.jpg,sea,mountain,1.5686,0.3585,0.0709
5303,/home/h3r0-k1ll3r/Downloads/hackBlox/Round02/data/train/undefined/pool_c69784.jpg,pool_c69784.jpg,sea,mountain,1.5451,0.4038,0.1472
2402,/home/h3r0-k1ll3r/Downloads/hackBlox/Round02/data/train/undefined/pool_4c09f2.jpg,pool_4c09f2.jpg,sea,street,1.5314,0.3422,0.0104
3773,/home/h3r0-k1ll3r/Downloads/hackBlox/Round02/data/train/undefined/pool_84034d.jpg,pool_84034d.jpg,sea,glacier,1.5253,0.3131,0.034
1696,/home/h3r0-k1ll3r/Downloads/hackBlox/Round02/data/train/undefined/pool_2f5f8b.jpg,pool_2f5f8b.jpg,sea,buildings,1.5238,0.3371,0.0786
6170,/home/h3r0-k1ll3r/Downloads/hackBlox/Round02/data/train/undefined/pool_ed1f00.jpg,pool_ed1f00.jpg,sea,mountain,1.5215,0.3285,0.0669
1435,/home/h3r0-k1ll3r/Downloads/hackBlox/Round02/data/train/undefined/pool_23aba2.jpg,pool_23aba2.jpg,sea,buildings,1.515,0.398,0.1238
5239,/home/h3r0-k1ll3r/Downloads/hackBlox/Round02/data/train/undefined/pool_c419e8.jpg,pool_c419e8.jpg,sea,glacier,1.5083,0.3276,0.0415
5317,/home/h3r0-k1ll3r/Downloads/hackBlox/Round02/data/train/undefined/pool_c718ad.jpg,pool_c718ad.jpg,sea,street,1.5055,0.4024,0.1424
4495,/home/h3r0-k1ll3r/Downloads/hackBlox/Round02/data/train/undefined/pool_a4390d.jpg,pool_a4390d.jpg,sea,buildings,1.5039,0.3548,0.0171
3654,/home/h3r0-k1ll3r/Downloads/hackBlox/Round02/data/train/undefined/pool_7f8ea4.jpg,pool_7f8ea4.jpg,sea,buildings,1.5027,0.3657,0.1077
976,/home/h3r0-k1ll3r/Downloads/hackBlox/Round02/data/train/undefined/pool_104b84.jpg,pool_104b84.jpg,sea,glacier,1.5014,0.4026,0.1547
1599,/home/h3r0-k1ll3r/Downloads/hackBlox/Round02/data/train/undefined/pool_2b39ff.jpg,pool_2b39ff.jpg,sea,glacier,1.498,0.3871,0.1302
3909,/home/h3r0-k1ll3r/Downloads/hackBlox/Round02/data/train/undefined/pool_8a06ac.jpg,pool_8a06ac.jpg,sea,street,1.4921,0.3725,0.0902
4668,/home/h3r0-k1ll3r/Downloads/hackBlox/Round02/data/train/undefined/pool_aab0f6.jpg,pool_aab0f6.jpg,sea,buildings,1.4905,0.3926,0.1382
3976,/home/h3r0-k1ll3r/Downloads/hackBlox/Round02/data/train/undefined/pool_8d1dca.jpg,pool_8d1dca.jpg,sea,buildings,1.4863,0.3882,0.0955
2996,/home/h3r0-k1ll3r/Downloads/hackBlox/Round02/data/train/undefined/pool_640102.jpg,pool_640102.jpg,sea,buildings,1.4856,0.385,0.0977
5110,/home/h3r0-k1ll3r/Downloads/hackBlox/Round02/data/train/undefined/pool_be4a65.jpg,pool_be4a65.jpg,sea,street,1.4794,0.4585,0.2712
3992,/home/h3r0-k1ll3r/Downloads/hackBlox/Round02/data/train/undefined/pool_8da6bd.jpg,pool_8da6bd.jpg,sea,mountain,1.4729,0.414,0.1721
4149,/home/h3r0-k1ll3r/Downloads/hackBlox/Round02/data/train/undefined/pool_94f41f.jpg,pool_94f41f.jpg,sea,glacier,1.4711,0.3795,0.0967
4756,/home/h3r0-k1ll3r/Downloads/hackBlox/Round02/data/train/undefined/pool_aec6c3.jpg,pool_aec6c3.jpg,sea,mountain,1.4669,0.4071,0.1087
6487,/home/h3r0-k1ll3r/Downloads/hackBlox/Round02/data/train/undefined/pool_fb2618.jpg,pool_fb2618.jpg,sea,glacier,1.4654,0.3966,0.1418
3835,/home/h3r0-k1ll3r/Downloads/hackBlox/Round02/data/train/undefined/pool_86b1d9.jpg,pool_86b1d9.jpg,sea,glacier,1.4619,0.3831,0.1271
2820,/home/h3r0-k1ll3r/Downloads/hackBlox/Round02/data/train/undefined/pool_5d77d1.jpg,pool_5d77d1.jpg,sea,mountain,1.4573,0.4608,0.2541
6102,/home/h3r0-k1ll3r/Downloads/hackBlox/Round02/data/train/undefined/pool_eae596.jpg,pool_eae596.jpg,sea,buildings,1.4558,0.3419,0.0149
1583,/home/h3r0-k1ll3r/Downloads/hackBlox/Round02/data/train/undefined/pool_2ae561.jpg,pool_2ae561.jpg,sea,buildings,1.4425,0.4753,0.2998
3959,/home/h3r0-k1ll3r/Downloads/hackBlox/Round02/data/train/undefined/pool_8c747e.jpg,pool_8c747e.jpg,sea,buildings,1.4409,0.4262,0.1343
1166,/home/h3r0-k1ll3r/Downloads/hackBlox/Round02/data/train/undefined/pool_187ef7.jpg,pool_187ef7.jpg,sea,buildings,1.4402,0.4775,0.2644
5329,/home/h3r0-k1ll3r/Downloads/hackBlox/Round02/data/train/undefined/pool_c7db2a.jpg,pool_c7db2a.jpg,sea,glacier,1.4375,0.4085,0.1536
6095,/home/h3r0-k1ll3r/Downloads/hackBlox/Round02/data/train/undefined/pool_ea7a82.jpg,pool_ea7a82.jpg,sea,buildings,1.4352,0.3988,0.1013
2598,/home/h3r0-k1ll3r/Downloads/hackBlox/Round02/data/train/undefined/pool_54581a.jpg,pool_54581a.jpg,sea,mountain,1.4289,0.389,0.0859
4084,/home/h3r0-k1ll3r/Downloads/hackBlox/Round02/data/train/undefined/pool_921e1e.jpg,pool_921e1e.jpg,sea,glacier,1.4282,0.4518,0.1704
6597,/home/h3r0-k1ll3r/Downloads/hackBlox/Round02/data/train/undefined/pool_ffeee7.jpg,pool_ffeee7.jpg,sea,glacier,1.4277,0.4479,0.1687
2743,/home/h3r0-k1ll3r/Downloads/hackBlox/Round02/data/train/undefined/pool_5a3794.jpg,pool_5a3794.jpg,sea,street,1.4266,0.3442,0.0629
1629,/home/h3r0-k1ll3r/Downloads/hackBlox/Round02/data/train/undefined/pool_2cbe8a.jpg,pool_2cbe8a.jpg,sea,glacier,1.4261,0.4372,0.1891
6408,/home/h3r0-k1ll3r/Downloads/hackBlox/Round02/data/train/undefined/pool_f7d6c5.jpg,pool_f7d6c5.jpg,sea,buildings,1.4229,0.3966,0.0711
2601,/home/h3r0-k1ll3r/Downloads/hackBlox/Round02/data/train/undefined/pool_5469b2.jpg,pool_5469b2.jpg,sea,buildings,1.4219,0.3911,0.1248
2236,/home/h3r0-k1ll3r/Downloads/hackBlox/Round02/data/train/undefined/pool_449918.jpg,pool_449918.jpg,sea,mountain,1.4211,0.4978,0.3318
3669,/home/h3r0-k1ll3r/Downloads/hackBlox/Round02/data/train/undefined/pool_80011f.jpg,pool_80011f.jpg,sea,mountain,1.4201,0.3786,0.021
4382,/home/h3r0-k1ll3r/Downloads/hackBlox/Round02/data/train/undefined/pool_9f8303.jpg,pool_9f8303.jpg,sea,glacier,1.4174,0.4323,0.1626
5993,/home/h3r0-k1ll3r/Downloads/hackBlox/Round02/data/train/undefined/pool_e5b3bb.jpg,pool_e5b3bb.jpg,sea,glacier,1.4171,0.4632,0.241
5834,/home/h3r0-k1ll3r/Downloads/hackBlox/Round02/data/train/undefined/pool_de6e68.jpg,pool_de6e68.jpg,sea,buildings,1.4117,0.3779,0.0084
4930,/home/h3r0-k1ll3r/Downloads/hackBlox/Round02/data/train/undefined/pool_b6271c.jpg,pool_b6271c.jpg,sea,buildings,1.4104,0.4579,0.2008
3275,/home/h3r0-k1ll3r/Downloads/hackBlox/Round02/data/train/undefined/pool_6f606b.jpg,pool_6f606b.jpg,sea,street,1.4097,0.3805,0.0298
5062,/home/h3r0-k1ll3r/Downloads/hackBlox/Round02/data/train/undefined/pool_bbc94a.jpg,pool_bbc94a.jpg,sea,mountain,1.4083,0.3841,0.0229
4300,/home/h3r0-k1ll3r/Downloads/hackBlox/Round02/data/train/undefined/pool_9b8e12.jpg,pool_9b8e12.jpg,sea,glacier,1.4062,0.3805,0.1005
3206,/home/h3r0-k1ll3r/Downloads/hackBlox/Round02/data/train/undefined/pool_6c8cc6.jpg,pool_6c8cc6.jpg,sea,glacier,1.4052,0.4444,0.1723
770,/home/h3r0-k1ll3r/Downloads/hackBlox/Round02/data/train/undefined/pool_07a22a.jpg,pool_07a22a.jpg,sea,mountain,1.4038,0.4455,0.1471
6590,/home/h3r0-k1ll3r/Downloads/hackBlox/Round02/data/train/undefined/pool_ffab67.jpg,pool_ffab67.jpg,sea,buildings,1.402,0.4593,0.1759
4739,/home/h3r0-k1ll3r/Downloads/hackBlox/Round02/data/train/undefined/pool_addc03.jpg,pool_addc03.jpg,sea,buildings,1.4008,0.4069,0.1087
4409,/home/h3r0-k1ll3r/Downloads/hackBlox/Round02/data/train/undefined/pool_a0ab49.jpg,pool_a0ab49.jpg,sea,glacier,1.4007,0.4161,0.0973
3849,/home/h3r0-k1ll3r/Downloads/hackBlox/Round02/data/train/undefined/pool_874c95.jpg,pool_874c95.jpg,sea,buildings,1.4001,0.5028,0.2988
4706,/home/h3r0-k1ll3r/Downloads/hackBlox/Round02/data/train/undefined/pool_ac4c40.jpg,pool_ac4c40.jpg,sea,mountain,1.3951,0.5389,0.4129
3757,/home/h3r0-k1ll3r/Downloads/hackBlox/Round02/data/train/undefined/pool_836bcc.jpg,pool_836bcc.jpg,sea,mountain,1.3917,0.4867,0.2753
6298,/home/h3r0-k1ll3r/Downloads/hackBlox/Round02/data/train/undefined/pool_f344e8.jpg,pool_f344e8.jpg,sea,buildings,1.39,0.3751,0.0747
4607,/home/h3r0-k1ll3r/Downloads/hackBlox/Round02/data/train/undefined/pool_a8c487.jpg,pool_a8c487.jpg,sea,buildings,1.3862,0.4464,0.1523
5200,/home/h3r0-k1ll3r/Downloads/hackBlox/Round02/data/train/undefined/pool_c253d8.jpg,pool_c253d8.jpg,sea,mountain,1.3853,0.4055,0.0518
1916,/home/h3r0-k1ll3r/Downloads/hackBlox/Round02/data/train/undefined/pool_376a28.jpg,pool_376a28.jpg,sea,buildings,1.3825,0.3904,0.1066
4113,/home/h3r0-k1ll3r/Downloads/hackBlox/Round02/data/train/undefined/pool_93bf80.jpg,pool_93bf80.jpg,sea,mountain,1.3794,0.3369,0.0293
4362,/home/h3r0-k1ll3r/Downloads/hackBlox/Round02/data/train/undefined/pool_9e4b09.jpg,pool_9e4b09.jpg,sea,buildings,1.3775,0.4356,0.1112
2122,/home/h3r0-k1ll3r/Downloads/hackBlox/Round02/data/train/undefined/pool_3fc119.jpg,pool_3fc119.jpg,sea,buildings,1.3758,0.5046,0.2815
5882,/home/h3r0-k1ll3r/Downloads/hackBlox/Round02/data/train/undefined/pool_e137b1.jpg,pool_e137b1.jpg,sea,glacier,1.3714,0.4083,0.0655
2220,/home/h3r0-k1ll3r/Downloads/hackBlox/Round02/data/train/undefined/pool_443449.jpg,pool_443449.jpg,sea,buildings,1.3705,0.3964,0.0481
3463,/home/h3r0-k1ll3r/Downloads/hackBlox/Round02/data/train/undefined/pool_77b1d6.jpg,pool_77b1d6.jpg,sea,buildings,1.3698,0.5554,0.4189
3495,/home/h3r0-k1ll3r/Downloads/hackBlox/Round02/data/train/undefined/pool_790846.jpg,pool_790846.jpg,sea,mountain,1.3692,0.4804,0.2775
4407,/home/h3r0-k1ll3r/Downloads/hackBlox/Round02/data/train/undefined/pool_a09fb2.jpg,pool_a09fb2.jpg,sea,glacier,1.3674,0.5325,0.3468
1850,/home/h3r0-k1ll3r/Downloads/hackBlox/Round02/data/train/undefined/pool_352d43.jpg,pool_352d43.jpg,sea,glacier,1.3674,0.4925,0.2668
6462,/home/h3r0-k1ll3r/Downloads/hackBlox/Round02/data/train/undefined/pool_fa9692.jpg,pool_fa9692.jpg,sea,mountain,1.3659,0.4872,0.2708
2383,/home/h3r0-k1ll3r/Downloads/hackBlox/Round02/data/train/undefined/pool_4b6cfa.jpg,pool_4b6cfa.jpg,sea,mountain,1.3652,0.3299,0.0254
2347,/home/h3r0-k1ll3r/Downloads/hackBlox/Round02/data/train/undefined/pool_4976eb.jpg,pool_4976eb.jpg,sea,buildings,1.3642,0.4223,0.0865
820,/home/h3r0-k1ll3r/Downloads/hackBlox/Round02/data/train/undefined/pool_09f0df.jpg,pool_09f0df.jpg,sea,street,1.3613,0.5049,0.2525
2694,/home/h3r0-k1ll3r/Downloads/hackBlox/Round02/data/train/undefined/pool_58235c.jpg,pool_58235c.jpg,sea,buildings,1.3604,0.5349,0.3418
5722,/home/h3r0-k1ll3r/Downloads/hackBlox/Round02/data/train/undefined/pool_d97fa2.jpg,pool_d97fa2.jpg,sea,buildings,1.3588,0.4292,0.1923
4033,/home/h3r0-k1ll3r/Downloads/hackBlox/Round02/data/train/undefined/pool_8f9a7f.jpg,pool_8f9a7f.jpg,sea,buildings,1.3565,0.5242,0.3238
4281,/home/h3r0-k1ll3r/Downloads/hackBlox/Round02/data/train/undefined/pool_9a88b4.jpg,pool_9a88b4.jpg,sea,glacier,1.3558,0.4914,0.2552
5289,/home/h3r0-k1ll3r/Downloads/hackBlox/Round02/data/train/undefined/pool_c637d3.jpg,pool_c637d3.jpg,sea,buildings,1.3557,0.4112,0.0438
2114,/home/h3r0-k1ll3r/Downloads/hackBlox/Round02/data/train/undefined/pool_3f8282.jpg,pool_3f8282.jpg,sea,mountain,1.354,0.4416,0.1338
1994,/home/h3r0-k1ll3r/Downloads/hackBlox/Round02/data/train/undefined/pool_3aaa19.jpg,pool_3aaa19.jpg,sea,glacier,1.3499,0.4733,0.1875
6502,/home/h3r0-k1ll3r/Downloads/hackBlox/Round02/data/train/undefined/pool_fc0750.jpg,pool_fc0750.jpg,sea,street,1.3494,0.5589,0.4152
1467,/home/h3r0-k1ll3r/Downloads/hackBlox/Round02/data/train/undefined/pool_254c26.jpg,pool_254c26.jpg,sea,buildings,1.3487,0.5468,0.387
3009,/home/h3r0-k1ll3r/Downloads/hackBlox/Round02/data/train/undefined/pool_648213.jpg,pool_648213.jpg,sea,buildings,1.3483,0.5001,0.2865
3853,/home/h3r0-k1ll3r/Downloads/hackBlox/Round02/data/train/undefined/pool_875633.jpg,pool_875633.jpg,street,buildings,1.6883,0.3137,0.1113
3328,/home/h3r0-k1ll3r/Downloads/hackBlox/Round02/data/train/undefined/pool_71b4ba.jpg,pool_71b4ba.jpg,street,forest,1.6368,0.3618,0.1722
752,/home/h3r0-k1ll3r/Downloads/hackBlox/Round02/data/train/undefined/pool_070855.jpg,pool_070855.jpg,street,forest,1.5972,0.3905,0.1785
4933,/home/h3r0-k1ll3r/Downloads/hackBlox/Round02/data/train/undefined/pool_b63c3a.jpg,pool_b63c3a.jpg,street,sea,1.5667,0.3463,0.1086
2933,/home/h3r0-k1ll3r/Downloads/hackBlox/Round02/data/train/undefined/pool_61c49b.jpg,pool_61c49b.jpg,street,mountain,1.5322,0.3055,0.0269
3134,/home/h3r0-k1ll3r/Downloads/hackBlox/Round02/data/train/undefined/pool_69a151.jpg,pool_69a151.jpg,street,glacier,1.5262,0.3488,0.0514
4343,/home/h3r0-k1ll3r/Downloads/hackBlox/Round02/data/train/undefined/pool_9da434.jpg,pool_9da434.jpg,street,forest,1.5247,0.2889,0.0152
2929,/home/h3r0-k1ll3r/Downloads/hackBlox/Round02/data/train/undefined/pool_619477.jpg,pool_619477.jpg,street,mountain,1.5038,0.3729,0.0991
5561,/home/h3r0-k1ll3r/Downloads/hackBlox/Round02/data/train/undefined/pool_d2522e.jpg,pool_d2522e.jpg,street,buildings,1.4894,0.3736,0.0885
935,/home/h3r0-k1ll3r/Downloads/hackBlox/Round02/data/train/undefined/pool_0eb41a.jpg,pool_0eb41a.jpg,street,mountain,1.4818,0.3433,0.0012
601,/home/h3r0-k1ll3r/Downloads/hackBlox/Round02/data/train/undefined/pool_000982.jpg,pool_000982.jpg,street,buildings,1.4794,0.4035,0.099
5355,/home/h3r0-k1ll3r/Downloads/hackBlox/Round02/data/train/undefined/pool_c90aa2.jpg,pool_c90aa2.jpg,street,buildings,1.4784,0.366,0.0879
1491,/home/h3r0-k1ll3r/Downloads/hackBlox/Round02/data/train/undefined/pool_264381.jpg,pool_264381.jpg,street,sea,1.4743,0.49,0.3514
2574,/home/h3r0-k1ll3r/Downloads/hackBlox/Round02/data/train/undefined/pool_53509d.jpg,pool_53509d.jpg,street,sea,1.4697,0.4262,0.1629
3752,/home/h3r0-k1ll3r/Downloads/hackBlox/Round02/data/train/undefined/pool_832f5e.jpg,pool_832f5e.jpg,street,buildings,1.4562,0.4473,0.2259
3043,/home/h3r0-k1ll3r/Downloads/hackBlox/Round02/data/train/undefined/pool_6608be.jpg,pool_6608be.jpg,street,buildings,1.4474,0.3792,0.0383
1658,/home/h3r0-k1ll3r/Downloads/hackBlox/Round02/data/train/undefined/pool_2de51f.jpg,pool_2de51f.jpg,street,mountain,1.4431,0.3992,0.1071
2523,/home/h3r0-k1ll3r/Downloads/hackBlox/Round02/data/train/undefined/pool_5106ef.jpg,pool_5106ef.jpg,street,forest,1.4406,0.4741,0.2732
5717,/home/h3r0-k1ll3r/Downloads/hackBlox/Round02/data/train/undefined/pool_d94902.jpg,pool_d94902.jpg,street,sea,1.4401,0.4695,0.2553
964,/home/h3r0-k1ll3r/Downloads/hackBlox/Round02/data/train/undefined/pool_0fea7e.jpg,pool_0fea7e.jpg,street,buildings,1.4381,0.4029,0.0958
1622,/home/h3r0-k1ll3r/Downloads/hackBlox/Round02/data/train/undefined/pool_2c78a8.jpg,pool_2c78a8.jpg,street,buildings,1.4334,0.3435,0.0616
6342,/home/h3r0-k1ll3r/Downloads/hackBlox/Round02/data/train/undefined/pool_f54431.jpg,pool_f54431.jpg,street,sea,1.4303,0.4892,0.3321
6250,/home/h3r0-k1ll3r/Downloads/hackBlox/Round02/data/train/undefined/pool_f0fc0b.jpg,pool_f0fc0b.jpg,street,buildings,1.4206,0.3228,0.0253
4830,/home/h3r0-k1ll3r/Downloads/hackBlox/Round02/data/train/undefined/pool_b1c84c.jpg,pool_b1c84c.jpg,street,buildings,1.4123,0.4049,0.0729
3873,/home/h3r0-k1ll3r/Downloads/hackBlox/Round02/data/train/undefined/pool_8854ce.jpg,pool_8854ce.jpg,street,buildings,1.4081,0.3941,0.0879
3289,/home/h3r0-k1ll3r/Downloads/hackBlox/Round02/data/train/undefined/pool_70243f.jpg,pool_70243f.jpg,street,glacier,1.4065,0.4748,0.2646
4133,/home/h3r0-k1ll3r/Downloads/hackBlox/Round02/data/train/undefined/pool_9462d8.jpg,pool_9462d8.jpg,street,mountain,1.3935,0.3376,0.0098
6103,/home/h3r0-k1ll3r/Downloads/hackBlox/Round02/data/train/undefined/pool_eae5a3.jpg,pool_eae5a3.jpg,street,buildings,1.3935,0.4937,0.2466
747,/home/h3r0-k1ll3r/Downloads/hackBlox/Round02/data/train/undefined/pool_06dec0.jpg,pool_06dec0.jpg,street,buildings,1.3913,0.4239,0.1175
3397,/home/h3r0-k1ll3r/Downloads/hackBlox/Round02/data/train/undefined/pool_747932.jpg,pool_747932.jpg,street,buildings,1.3913,0.5275,0.3604
2524,/home/h3r0-k1ll3r/Downloads/hackBlox/Round02/data/train/undefined/pool_51132a.jpg,pool_51132a.jpg,street,sea,1.3907,0.4803,0.2565
4370,/home/h3r0-k1ll3r/Downloads/hackBlox/Round02/data/train/undefined/pool_9e8890.jpg,pool_9e8890.jpg,street,sea,1.3872,0.4756,0.196
6314,/home/h3r0-k1ll3r/Downloads/hackBlox/Round02/data/train/undefined/pool_f3fca0.jpg,pool_f3fca0.jpg,street,sea,1.3804,0.4452,0.2002
6377,/home/h3r0-k1ll3r/Downloads/hackBlox/Round02/data/train/undefined/pool_f6a54e.jpg,pool_f6a54e.jpg,street,forest,1.3764,0.4833,0.231
1297,/home/h3r0-k1ll3r/Downloads/hackBlox/Round02/data/train/undefined/pool_1e2a7a.jpg,pool_1e2a7a.jpg,street,buildings,1.3734,0.3508,0.0576
5668,/home/h3r0-k1ll3r/Downloads/hackBlox/Round02/data/train/undefined/pool_d6cc66.jpg,pool_d6cc66.jpg,street,buildings,1.3731,0.4918,0.2531
4626,/home/h3r0-k1ll3r/Downloads/hackBlox/Round02/data/train/undefined/pool_a97999.jpg,pool_a97999.jpg,street,buildings,1.3682,0.4979,0.2588
5643,/home/h3r0-k1ll3r/Downloads/hackBlox/Round02/data/train/undefined/pool_d58de2.jpg,pool_d58de2.jpg,street,sea,1.3657,0.4077,0.1197
6058,/home/h3r0-k1ll3r/Downloads/hackBlox/Round02/data/train/undefined/pool_e88564.jpg,pool_e88564.jpg,street,forest,1.3653,0.398,0.0619
4831,/home/h3r0-k1ll3r/Downloads/hackBlox/Round02/data/train/undefined/pool_b1d0b2.jpg,pool_b1d0b2.jpg,street,forest,1.3585,0.3554,0.0102
1551,/home/h3r0-k1ll3r/Downloads/hackBlox/Round02/data/train/undefined/pool_2930d1.jpg,pool_2930d1.jpg,street,forest,1.3561,0.4289,0.1726
802,/home/h3r0-k1ll3r/Downloads/hackBlox/Round02/data/train/undefined/pool_08ec0a.jpg,pool_08ec0a.jpg,street,buildings,1.3556,0.4388,0.1303
5690,/home/h3r0-k1ll3r/Downloads/hackBlox/Round02/data/train/undefined/pool_d7c9e6.jpg,pool_d7c9e6.jpg,street,buildings,1.3551,0.4013,0.0173
2620,/home/h3r0-k1ll3r/Downloads/hackBlox/Round02/data/train/undefined/pool_55139b.jpg,pool_55139b.jpg,street,buildings,1.355,0.4386,0.1247
5029,/home/h3r0-k1ll3r/Downloads/hackBlox/Round02/data/train/undefined/pool_ba48a2.jpg,pool_ba48a2.jpg,street,sea,1.3535,0.4135,0.0697
3168,/home/h3r0-k1ll3r/Downloads/hackBlox/Round02/data/train/undefined/pool_6add2a.jpg,pool_6add2a.jpg,street,forest,1.3533,0.4664,0.2189
4868,/home/h3r0-k1ll3r/Downloads/hackBlox/Round02/data/train/undefined/pool_b3a6e6.jpg,pool_b3a6e6.jpg,street,sea,1.3531,0.4921,0.2412
3053,/home/h3r0-k1ll3r/Downloads/hackBlox/Round02/data/train/undefined/pool_668577.jpg,pool_668577.jpg,street,buildings,1.3473,0.3986,0.011
4751,/home/h3r0-k1ll3r/Downloads/hackBlox/Round02/data/train/undefined/pool_ae91ab.jpg,pool_ae91ab.jpg,street,forest,1.3468,0.4323,0.1788
1270,/home/h3r0-k1ll3r/Downloads/hackBlox/Round02/data/train/undefined/pool_1ce458.jpg,pool_1ce458.jpg,street,buildings,1.3459,0.4092,0.0762
3453,/home/h3r0-k1ll3r/Downloads/hackBlox/Round02/data/train/undefined/pool_771ab6.jpg,pool_771ab6.jpg,street,sea,1.3438,0.5405,0.3472
1441,/home/h3r0-k1ll3r/Downloads/hackBlox/Round02/data/train/undefined/pool_23fbee.jpg,pool_23fbee.jpg,street,forest,1.3426,0.4464,0.1397
676,/home/h3r0-k1ll3r/Downloads/hackBlox/Round02/data/train/undefined/pool_03f303.jpg,pool_03f303.jpg,street,buildings,1.3422,0.5289,0.3193
2147,/home/h3r0-k1ll3r/Downloads/hackBlox/Round02/data/train/undefined/pool_40fcc9.jpg,pool_40fcc9.jpg,street,forest,1.3413,0.44,0.177
1116,/home/h3r0-k1ll3r/Downloads/hackBlox/Round02/data/train/undefined/pool_161f02.jpg,pool_161f02.jpg,street,buildings,1.3407,0.5326,0.3424
5549,/home/h3r0-k1ll3r/Downloads/hackBlox/Round02/data/train/undefined/pool_d1e94b.jpg,pool_d1e94b.jpg,street,buildings,1.3399,0.4691,0.248
2545,/home/h3r0-k1ll3r/Downloads/hackBlox/Round02/data/train/undefined/pool_51e046.jpg,pool_51e046.jpg,street,forest,1.3389,0.4122,0.0932
1846,/home/h3r0-k1ll3r/Downloads/hackBlox/Round02/data/train/undefined/pool_350795.jpg,pool_350795.jpg,street,buildings,1.3356,0.5548,0.4041
2655,/home/h3r0-k1ll3r/Downloads/hackBlox/Round02/data/train/undefined/pool_566d71.jpg,pool_566d71.jpg,street,forest,1.3336,0.4806,0.1964
665,/home/h3r0-k1ll3r/Downloads/hackBlox/Round02/data/train/undefined/pool_03170d.jpg,pool_03170d.jpg,street,buildings,1.3316,0.3864,0.017
5419,/home/h3r0-k1ll3r/Downloads/hackBlox/Round02/data/train/undefined/pool_cbb5c5.jpg,pool_cbb5c5.jpg,street,buildings,1.3285,0.3775,0.0137
4900,/home/h3r0-k1ll3r/Downloads/hackBlox/Round02/data/train/undefined/pool_b4f19a.jpg,pool_b4f19a.jpg,street,buildings,1.326,0.3875,0.0461
3576,/home/h3r0-k1ll3r/Downloads/hackBlox/Round02/data/train/undefined/pool_7bff59.jpg,pool_7bff59.jpg,street,buildings,1.3245,0.5235,0.3286
5493,/home/h3r0-k1ll3r/Downloads/hackBlox/Round02/data/train/undefined/pool_cf6be8.jpg,pool_cf6be8.jpg,street,buildings,1.3173,0.4208,0.0633
6148,/home/h3r0-k1ll3r/Downloads/hackBlox/Round02/data/train/undefined/pool_ec3c0d.jpg,pool_ec3c0d.jpg,street,buildings,1.315,0.4426,0.1673
1230,/home/h3r0-k1ll3r/Downloads/hackBlox/Round02/data/train/undefined/pool_1b0fd6.jpg,pool_1b0fd6.jpg,street,buildings,1.3131,0.4018,0.1289
2736,/home/h3r0-k1ll3r/Downloads/hackBlox/Round02/data/train/undefined/pool_59e815.jpg,pool_59e815.jpg,street,forest,1.3077,0.4881,0.1854
6027,/home/h3r0-k1ll3r/Downloads/hackBlox/Round02/data/train/undefined/pool_e7157a.jpg,pool_e7157a.jpg,street,glacier,1.3067,0.5781,0.4222
3113,/home/h3r0-k1ll3r/Downloads/hackBlox/Round02/data/train/undefined/pool_68c54c.jpg,pool_68c54c.jpg,street,buildings,1.3059,0.4881,0.237
3060,/home/h3r0-k1ll3r/Downloads/hackBlox/Round02/data/train/undefined/pool_66cce1.jpg,pool_66cce1.jpg,street,forest,1.3056,0.4918,0.1852
3978,/home/h3r0-k1ll3r/Downloads/hackBlox/Round02/data/train/undefined/pool_8d2a7a.jpg,pool_8d2a7a.jpg,street,sea,1.3024,0.5124,0.2366
1732,/home/h3r0-k1ll3r/Downloads/hackBlox/Round02/data/train/undefined/pool_30d5a8.jpg,pool_30d5a8.jpg,street,buildings,1.3018,0.4367,0.0711
4188,/home/h3r0-k1ll3r/Downloads/hackBlox/Round02/data/train/undefined/pool_9695d3.jpg,pool_9695d3.jpg,street,forest,1.3009,0.4686,0.1761
6245,/home/h3r0-k1ll3r/Downloads/hackBlox/Round02/data/train/undefined/pool_f097a3.jpg,pool_f097a3.jpg,street,buildings,1.3004,0.4908,0.266
4210,/home/h3r0-k1ll3r/Downloads/hackBlox/Round02/data/train/undefined/pool_977e27.jpg,pool_977e27.jpg,street,forest,1.2996,0.4798,0.2128
2506,/home/h3r0-k1ll3r/Downloads/hackBlox/Round02/data/train/undefined/pool_50749f.jpg,pool_50749f.jpg,street,buildings,1.2928,0.5509,0.3415
2047,/home/h3r0-k1ll3r/Downloads/hackBlox/Round02/data/train/undefined/pool_3d0827.jpg,pool_3d0827.jpg,street,buildings,1.2923,0.5128,0.2306
3940,/home/h3r0-k1ll3r/Downloads/hackBlox/Round02/data/train/undefined/pool_8b5457.jpg,pool_8b5457.jpg,street,buildings,1.2912,0.5757,0.4313
4182,/home/h3r0-k1ll3r/Downloads/hackBlox/Round02/data/train/undefined/pool_963cb1.jpg,pool_963cb1.jpg,street,forest,1.2853,0.4223,0.1056
1283,/home/h3r0-k1ll3r/Downloads/hackBlox/Round02/data/train/undefined/pool_1daf34.jpg,pool_1daf34.jpg,street,buildings,1.2813,0.465,0.1618
880,/home/h3r0-k1ll3r/Downloads/hackBlox/Round02/data/train/undefined/pool_0c44e0.jpg,pool_0c44e0.jpg,street,buildings,1.2808,0.4579,0.1032
2254,/home/h3r0-k1ll3r/Downloads/hackBlox/Round02/data/train/undefined/pool_456776.jpg,pool_456776.jpg,street,buildings,1.2746,0.5694,0.3787
6264,/home/h3r0-k1ll3r/Downloads/hackBlox/Round02/data/train/undefined/pool_f18d64.jpg,pool_f18d64.jpg,street,mountain,1.2632,0.5527,0.3365
