id,image,filename,pred_seed42,conf_seed42,pred_seed43,conf_seed43,pred_seed44,conf_seed44,all_agree,agreement_class,min_conf,mean_conf,margin,entropy,top1_class,top2_class,mean_prob_0,mean_prob_1,mean_prob_2,mean_prob_3,mean_prob_4,mean_prob_5,is_consensus,pair_type,ambiguity_score,review_order
1583,/home/h3r0-k1ll3r/Downloads/hackBlox/Round02/data/train/undefined/pool_2ae561.jpg,pool_2ae561.jpg,5,0.3094104826450348,0,0.3163727521896362,2,0.2077801823616027,False,-1,0.2077801823616027,0.2778544723987579,0.0125311017036437,1.7055479994323464,0,5,0.2663026054700215,0.0786933302879333,0.1345607141653696,0.1167624418934186,0.1499093870321909,0.2537715037663777,False,buildings_street,2.3041457388075175,1
5331,/home/h3r0-k1ll3r/Downloads/hackBlox/Round02/data/train/undefined/pool_c7df54.jpg,pool_c7df54.jpg,5,0.3185329139232635,1,0.2762550115585327,3,0.2780442237854004,False,-1,0.2762550115585327,0.2909440497557322,0.0102923015753428,1.699600892052708,1,3,0.1133429358402888,0.2482158442338307,0.1126190945506095,0.2379235426584879,0.0710913129150867,0.2168072660764058,False,forest_mountain,2.303704886670607,2
4847,/home/h3r0-k1ll3r/Downloads/hackBlox/Round02/data/train/undefined/pool_b29d02.jpg,pool_b29d02.jpg,4,0.2439362406730651,2,0.29466313123703,3,0.2286140620708465,False,-1,0.2286140620708465,0.2557378113269806,0.0105673323074976,1.693776721698097,2,4,0.1837906241416931,0.0345656480640172,0.2306035757064819,0.1762782484292984,0.2200362433989842,0.1547256757815679,False,glacier_sea,2.3017926171249306,3
1717,/home/h3r0-k1ll3r/Downloads/hackBlox/Round02/data/train/undefined/pool_303ffc.jpg,pool_303ffc.jpg,5,0.2874343395233154,0,0.3371882438659668,1,0.3508863151073456,False,-1,0.2874343395233154,0.3251696328322093,0.0017596979935963,1.6693635276589218,3,1,0.2218224629759788,0.2326641877492269,0.059658841540416,0.2344238857428232,0.0622317244609197,0.1891989360253016,False,forest_mountain,2.299753239501519,4
658,/home/h3r0-k1ll3r/Downloads/hackBlox/Round02/data/train/undefined/pool_02dd54.jpg,pool_02dd54.jpg,3,0.2704332768917084,5,0.3663994967937469,0,0.3701913952827453,False,-1,0.2704332768917084,0.3356747229894002,0.0105720361073812,1.6620058698052882,0,5,0.2930249373118083,0.1017100190122922,0.0829140295584996,0.1370384730398655,0.1028596386313438,0.282452901204427,False,buildings_street,2.2922585392771575,5
1040,/home/h3r0-k1ll3r/Downloads/hackBlox/Round02/data/train/undefined/pool_12be42.jpg,pool_12be42.jpg,2,0.2972530424594879,5,0.2998751699924469,4,0.2975642085075378,False,-1,0.2972530424594879,0.2982308069864909,0.0278303200999895,1.6874815627722803,2,4,0.1343253006537755,0.0342688765376806,0.2394208908081054,0.190767116844654,0.2115905707081159,0.1896272351344426,False,glacier_sea,2.2895462767716905,6
5417,/home/h3r0-k1ll3r/Downloads/hackBlox/Round02/data/train/undefined/pool_cbaac9.jpg,pool_cbaac9.jpg,5,0.303482323884964,2,0.4214126765727997,3,0.3512041568756103,False,-1,0.303482323884964,0.3586997191111247,0.0134608497222264,1.6417243170897982,3,2,0.0543707646429538,0.0741159953176975,0.26030333340168,0.2737641831239064,0.11888221402963,0.2185635467370351,False,glacier_mountain,2.2844407852936035,7
983,/home/h3r0-k1ll3r/Downloads/hackBlox/Round02/data/train/undefined/pool_10aa60.jpg,pool_10aa60.jpg,2,0.2959143817424774,3,0.3182408213615417,5,0.2644504308700561,False,-1,0.2644504308700561,0.2928685446580251,0.0474342554807663,1.6826798756105217,3,2,0.146978348493576,0.0463410665591557,0.2317312906185785,0.2791655460993449,0.1313641791542371,0.1644195194045702,False,glacier_mountain,2.2763434093946966,8
747,/home/h3r0-k1ll3r/Downloads/hackBlox/Round02/data/train/undefined/pool_06dec0.jpg,pool_06dec0.jpg,3,0.2944066524505615,5,0.3007444441318512,0,0.4625864923000335,False,-1,0.2944066524505615,0.3525791962941487,0.0322307000557581,1.6340892322315732,0,5,0.2948530366023381,0.1013895397384961,0.0576882176101207,0.2032188574473063,0.0802280232310295,0.26262233654658,False,buildings_street,2.270888349636017,9
4136,/home/h3r0-k1ll3r/Downloads/hackBlox/Round02/data/train/undefined/pool_94888a.jpg,pool_94888a.jpg,3,0.2970457971096039,0,0.3501182496547699,5,0.4090197086334228,False,-1,0.2970457971096039,0.3520612517992655,0.0268139789501826,1.6158902391645813,0,5,0.3122170666853587,0.0645778079827626,0.0678507015109062,0.1621457859873771,0.1078055587907632,0.2854030877351761,False,buildings_street,2.268678684379265,10
3959,/home/h3r0-k1ll3r/Downloads/hackBlox/Round02/data/train/undefined/pool_8c747e.jpg,pool_8c747e.jpg,0,0.347943365573883,5,0.5070798397064209,4,0.34650719165802,False,-1,0.34650719165802,0.4005101323127746,0.0475706905126571,1.6534638287719483,5,0,0.235222245256106,0.0419024291137854,0.0889294520020484,0.1520515258113543,0.1991014182567596,0.2827929357687632,False,buildings_street,2.2674967343239905,11
4012,/home/h3r0-k1ll3r/Downloads/hackBlox/Round02/data/train/undefined/pool_8eab7f.jpg,pool_8eab7f.jpg,3,0.2570736110210418,2,0.4075269401073456,4,0.369107723236084,False,-1,0.2570736110210418,0.3445694247881571,0.0250023355086644,1.582141364427451,2,4,0.1285628502567609,0.0289012199888626,0.2945195734500885,0.2173559715350469,0.269517237941424,0.0611431412398815,False,glacier_sea,2.2596410080230362,12
2529,/home/h3r0-k1ll3r/Downloads/hackBlox/Round02/data/train/undefined/pool_513811.jpg,pool_513811.jpg,4,0.2913341820240021,3,0.4437975883483886,2,0.4591663777828216,False,-1,0.2913341820240021,0.3980993827184041,0.0037971387306849,1.5374390360095445,2,3,0.109625664850076,0.052821010351181,0.3190147976080577,0.3152176588773727,0.1719336509704589,0.03138719437023,False,glacier_mountain,2.2589534275644523,13
5957,/home/h3r0-k1ll3r/Downloads/hackBlox/Round02/data/train/undefined/pool_e446be.jpg,pool_e446be.jpg,0,0.2654512822628021,3,0.308550626039505,2,0.5045621991157532,False,-1,0.2654512822628021,0.3595213691393534,0.0414871325095494,1.6087513908482385,2,3,0.1905593499541282,0.0436875609060128,0.299404427409172,0.2579172948996226,0.154997132718563,0.0534342223157485,False,glacier_mountain,2.2577331377487417,14
5721,/home/h3r0-k1ll3r/Downloads/hackBlox/Round02/data/train/undefined/pool_d97a5c.jpg,pool_d97a5c.jpg,1,0.3033039569854736,0,0.3119832873344421,3,0.4015915393829345,False,-1,0.3033039569854736,0.3389595945676167,0.0199695577224096,1.5597710977647976,1,3,0.1994588449597358,0.2960427502791087,0.0319833637525638,0.2760731925566991,0.035446781044205,0.1609950413306554,False,forest_mountain,2.2559495946959935,15
1345,/home/h3r0-k1ll3r/Downloads/hackBlox/Round02/data/train/undefined/pool_1fe81e.jpg,pool_1fe81e.jpg,5,0.4224576354026794,0,0.4021203219890594,1,0.3479286134243011,False,-1,0.3479286134243011,0.3908355236053467,0.0157168159882227,1.500115010700389,5,0,0.3127259959777196,0.2093245138724645,0.0358445929984251,0.0666497349739074,0.0470123241345087,0.3284428119659424,False,buildings_street,2.240604413617183,16
3818,/home/h3r0-k1ll3r/Downloads/hackBlox/Round02/data/train/undefined/pool_85bb64.jpg,pool_85bb64.jpg,3,0.3403811156749725,4,0.4741523265838623,2,0.4219169318675995,False,-1,0.3403811156749725,0.4121501247088114,0.0105725576480229,1.4811416593491276,3,2,0.0630110825101534,0.0332694152990976,0.2880474030971527,0.2986199607451756,0.2820548911889394,0.0349973030388355,False,glacier_mountain,2.2379989632159245,17
2415,/home/h3r0-k1ll3r/Downloads/hackBlox/Round02/data/train/undefined/pool_4c3fd9.jpg,pool_4c3fd9.jpg,3,0.4978967308998108,2,0.4075641632080078,4,0.3259978890419006,False,-1,0.3259978890419006,0.4104862610499064,0.0729617923498153,1.5738109501202844,3,2,0.096878781914711,0.0398669429123401,0.2538269658883412,0.3267887582381566,0.2207510968049367,0.0618874542415142,False,glacier_mountain,2.2283662096261962,18
2959,/home/h3r0-k1ll3r/Downloads/hackBlox/Round02/data/train/undefined/pool_62917f.jpg,pool_62917f.jpg,5,0.5434151887893677,0,0.4097246527671814,4,0.3182407915592193,False,-1,0.3182407915592193,0.4237935443719228,0.0341434975465138,1.482981625388574,5,0,0.3063165247440338,0.0342553500086069,0.045433742304643,0.059381411721309,0.214152971903483,0.3404600222905476,False,buildings_street,2.224408389088664,19
1078,/home/h3r0-k1ll3r/Downloads/hackBlox/Round02/data/train/undefined/pool_14385d.jpg,pool_14385d.jpg,3,0.4088918268680572,2,0.3869392573833465,4,0.3751114308834076,False,-1,0.3751114308834076,0.3903141717116038,0.0583330442508061,1.4953919513631413,4,2,0.0662116023401419,0.0258009557922681,0.2700057278076808,0.258310467004776,0.3283387720584869,0.0513324402272701,False,glacier_sea,2.2136177588584585,20
807,/home/h3r0-k1ll3r/Downloads/hackBlox/Round02/data/train/undefined/pool_093ee9.jpg,pool_093ee9.jpg,4,0.3529956936836242,2,0.4327189326286316,3,0.5329974889755249,False,-1,0.3529956936836242,0.4395707050959269,0.0233777314424514,1.4191286469248343,3,2,0.0403915134569009,0.0273637603968381,0.3212356368700663,0.3446133683125178,0.2297252962986628,0.036670422181487,False,glacier_mountain,2.2117119552119795,21
5772,/home/h3r0-k1ll3r/Downloads/hackBlox/Round02/data/train/undefined/pool_db9cb9.jpg,pool_db9cb9.jpg,3,0.3037767708301544,2,0.4516188204288482,4,0.2888451516628265,False,-1,0.2888451516628265,0.3480802476406097,0.086501732468605,1.5429700616788824,2,3,0.1125115975737571,0.026647866393129,0.330041100581487,0.243539368112882,0.2375158270200093,0.0497442769507567,False,glacier_mountain,2.210989979022502,22
1407,/home/h3r0-k1ll3r/Downloads/hackBlox/Round02/data/train/undefined/pool_22686c.jpg,pool_22686c.jpg,4,0.5373762249946594,2,0.3954210579395294,3,0.3927322924137115,False,-1,0.3927322924137115,0.4418431917826335,0.0636120637257893,1.4816971667984848,4,2,0.0634984287122885,0.0295532885938882,0.2730387399593989,0.2553011377652486,0.3366508036851883,0.0419576006631056,False,glacier_sea,2.2063419118040715,23
5036,/home/h3r0-k1ll3r/Downloads/hackBlox/Round02/data/train/undefined/pool_baa581.jpg,pool_baa581.jpg,3,0.4533382952213287,4,0.3649990856647491,2,0.3974610567092895,False,-1,0.3649990856647491,0.4052661458651225,0.0190837085247039,1.3919660181733464,3,2,0.0440687102576096,0.0218047884603341,0.3064168790976206,0.3255005876223246,0.2791210661331813,0.0230879957477251,False,glacier_mountain,2.2061395803371813,24
606,/home/h3r0-k1ll3r/Downloads/hackBlox/Round02/data/train/undefined/pool_0032e0.jpg,pool_0032e0.jpg,1,0.4898331463336944,0,0.431701123714447,5,0.4571662843227386,False,-1,0.431701123714447,0.45956685145696,0.0496086577574411,1.4468245039526382,5,0,0.2922812054554621,0.24932994445165,0.0434201651563247,0.0485051510234673,0.0245736837387084,0.3418898632129033,False,buildings_street,2.204282156531327,25
4838,/home/h3r0-k1ll3r/Downloads/hackBlox/Round02/data/train/undefined/pool_b229a3.jpg,pool_b229a3.jpg,3,0.3513838648796081,2,0.3763171136379242,4,0.3680711388587951,False,-1,0.3513838648796081,0.3652573724587758,0.0453261484702428,1.4372819231032845,2,4,0.0642863002916177,0.0215594259401162,0.333226611216863,0.2643960863351822,0.2879004627466202,0.0286311022937297,False,glacier_sea,2.2039888878488396,26
1946,/home/h3r0-k1ll3r/Downloads/hackBlox/Round02/data/train/undefined/pool_38eb75.jpg,pool_38eb75.jpg,1,0.3815038204193115,0,0.5076209902763367,5,0.4454685747623443,False,-1,0.3815038204193115,0.4448644618193308,0.0414969623088836,1.3522764018157225,0,5,0.3915288547674815,0.1667412233849366,0.0252650169034798,0.0350541056444247,0.0313788931816816,0.3500318924585978,False,buildings_street,2.1807847431593865,27
1875,/home/h3r0-k1ll3r/Downloads/hackBlox/Round02/data/train/undefined/pool_35fd72.jpg,pool_35fd72.jpg,1,0.389134407043457,0,0.4243119359016418,5,0.47012659907341,False,-1,0.389134407043457,0.427857647339503,0.0653371761242548,1.3550750307108237,5,0,0.3186275909344355,0.2165044670303662,0.0308007126053174,0.0236538344373305,0.0264486409723758,0.3839647670586903,False,buildings_street,2.167320203538694,28
1852,/home/h3r0-k1ll3r/Downloads/hackBlox/Round02/data/train/undefined/pool_353dbb.jpg,pool_353dbb.jpg,1,0.5136440992355347,5,0.4984280467033386,0,0.5916808843612671,False,-1,0.4984280467033386,0.5345843434333801,0.0897575765848159,1.3971587966046577,0,5,0.3887125154336293,0.2108444198966026,0.0268512635181347,0.0289668968568245,0.045669911429286,0.2989549388488133,False,buildings_street,2.165293093030508,29
2263,/home/h3r0-k1ll3r/Downloads/hackBlox/Round02/data/train/undefined/pool_45c9af.jpg,pool_45c9af.jpg,2,0.5007632970809937,3,0.4351345002651214,4,0.3651462197303772,False,-1,0.3651462197303772,0.4336813390254974,0.1137162446975708,1.3563810064725348,2,3,0.0387973139683405,0.0187462083995342,0.3861505587895711,0.2724343140920003,0.2621860355138778,0.0216856009016434,False,glacier_mountain,2.138684555123218,30
5827,/home/h3r0-k1ll3r/Downloads/hackBlox/Round02/data/train/undefined/pool_de2a58.jpg,pool_de2a58.jpg,3,0.3359062075614929,4,0.5284066200256348,2,0.6548516154289246,False,-1,0.3359062075614929,0.5063881476720175,0.0833457112312316,1.2771642687601203,2,4,0.0319127844025691,0.0163033284867803,0.4329039553801219,0.1450697034597396,0.3495582441488902,0.0242519692207376,False,glacier_sea,2.1331418538892972,31
3266,/home/h3r0-k1ll3r/Downloads/hackBlox/Round02/data/train/undefined/pool_6ed9a2.jpg,pool_6ed9a2.jpg,2,0.5296293497085571,4,0.4096450805664062,3,0.4358945786952972,False,-1,0.4096450805664062,0.4583896696567535,0.1253174692392349,1.3456711682872762,2,3,0.0302110848327477,0.0260026284183065,0.3936378558476766,0.2683203866084416,0.2633779992659886,0.0184499953563014,False,glacier_mountain,2.1285108689426417,32
4480,/home/h3r0-k1ll3r/Downloads/hackBlox/Round02/data/train/undefined/pool_a3e6b3.jpg,pool_a3e6b3.jpg,1,0.3742732107639313,0,0.5345252752304077,5,0.3777291476726532,False,-1,0.3742732107639313,0.428842544555664,0.1145083059867222,1.285650798751806,0,5,0.4073850214481354,0.2463075866301854,0.0163521328940987,0.019756577288111,0.017321977764368,0.2928767154614131,False,buildings_street,2.1169902560335085,33
2497,/home/h3r0-k1ll3r/Downloads/hackBlox/Round02/data/train/undefined/pool_5023d2.jpg,pool_5023d2.jpg,1,0.4195781350135803,0,0.6090028285980225,5,0.4023842811584472,False,-1,0.4023842811584472,0.47698841492335,0.1347188899914423,1.310962131629433,0,5,0.4077541828155517,0.2565568635861079,0.0204895703742901,0.0248549425353606,0.0173091298590103,0.2730352928241094,False,buildings_street,2.1124573054939644,34
5058,/home/h3r0-k1ll3r/Downloads/hackBlox/Round02/data/train/undefined/pool_bb95e1.jpg,pool_bb95e1.jpg,1,0.4250217378139496,0,0.6156133413314819,5,0.4137617945671081,False,-1,0.4137617945671081,0.4847989579041799,0.1805177827676137,1.3474583587213285,0,5,0.436457614103953,0.2214665686090787,0.0240831468254327,0.0394073786834875,0.0226454896231492,0.2559398313363393,False,buildings_street,2.0959268379558305,35
4560,/home/h3r0-k1ll3r/Downloads/hackBlox/Round02/data/train/undefined/pool_a6f139.jpg,pool_a6f139.jpg,3,0.4866150617599487,4,0.4345591366291046,2,0.7206907272338867,False,-1,0.4345591366291046,0.54728830854098,0.1908793648084004,1.294007829303583,2,4,0.0320977345108985,0.0146663251022497,0.450815886259079,0.2226043318708737,0.2599365214506785,0.019879236506919,False,glacier_sea,2.0736747299060347,36
2462,/home/h3r0-k1ll3r/Downloads/hackBlox/Round02/data/train/undefined/pool_4e1e1c.jpg,pool_4e1e1c.jpg,0,0.2772566378116607,0,0.2524140477180481,5,0.2637371122837066,False,-1,0.2524140477180481,0.2644692659378052,0.0005474438269932,1.7100791001931868,5,0,0.2403384645779927,0.0700432658195495,0.0993388071656227,0.1639543945590655,0.185439184308052,0.240885908404986,False,buildings_street,2.01269526376176,37
3223,/home/h3r0-k1ll3r/Downloads/hackBlox/Round02/data/train/undefined/pool_6d390d.jpg,pool_6d390d.jpg,2,0.2251854389905929,2,0.2766841650009155,3,0.2628647089004516,False,-1,0.2251854389905929,0.2549114376306534,0.0247484693924585,1.744618686333805,2,3,0.1676685412724813,0.1623820985356966,0.2390734106302261,0.2143249412377675,0.0885516429940859,0.1279993678132693,False,glacier_mountain,2.0085365242646662,38
3845,/home/h3r0-k1ll3r/Downloads/hackBlox/Round02/data/train/undefined/pool_8706b3.jpg,pool_8706b3.jpg,5,0.235359713435173,4,0.2402673810720443,5,0.3306117057800293,False,-1,0.235359713435173,0.2687462667624156,0.01617165406545,1.6986746191153956,5,0,0.2347212880849838,0.049460120499134,0.1514610896507899,0.1319577842950821,0.181506743033727,0.2508929421504338,False,buildings_street,1.9998993932953488,39
4707,/home/h3r0-k1ll3r/Downloads/hackBlox/Round02/data/train/undefined/pool_ac4f6f.jpg,pool_ac4f6f.jpg,2,0.2907015085220337,2,0.3036321401596069,0,0.2827693223953247,False,-1,0.2827693223953247,0.2923676570256551,0.0278478016455968,1.7055032567891657,2,4,0.1871609439452489,0.065045000364383,0.25947338839372,0.1432012567917505,0.2316255867481231,0.1134938051303227,False,glacier_sea,1.9949422960493917,40
3511,/home/h3r0-k1ll3r/Downloads/hackBlox/Round02/data/train/undefined/pool_799aed.jpg,pool_799aed.jpg,2,0.2600690424442291,2,0.3091670274734497,3,0.3527189195156097,False,-1,0.2600690424442291,0.3073183298110962,0.0055670887231826,1.6496073093353807,3,2,0.0811404064297676,0.1609725306431452,0.2793638507525126,0.2849309394756953,0.1334831217924753,0.0601091782251993,False,glacier_mountain,1.9915419395667047,41
3163,/home/h3r0-k1ll3r/Downloads/hackBlox/Round02/data/train/undefined/pool_6aabf4.jpg,pool_6aabf4.jpg,3,0.2258970588445663,0,0.3564073443412781,3,0.2733353674411773,False,-1,0.2258970588445663,0.2852132568756739,0.0459006006518999,1.7186435826615805,5,0,0.2132551396886507,0.0843699971834818,0.0932835303246975,0.1861553403238455,0.16378020743529,0.2591557403405507,False,buildings_street,1.9880527144073343,42
5016,/home/h3r0-k1ll3r/Downloads/hackBlox/Round02/data/train/undefined/pool_b98fd9.jpg,pool_b98fd9.jpg,3,0.3420060873031616,2,0.3653883934020996,3,0.3192634582519531,False,-1,0.3192634582519531,0.3422193129857381,0.0113231788078944,1.6462460410607542,3,2,0.0933192794521649,0.0413437436024347,0.2662470539410909,0.2775702327489853,0.1810721630851427,0.1404475048184394,False,glacier_mountain,1.9870799050334895,43
3515,/home/h3r0-k1ll3r/Downloads/hackBlox/Round02/data/train/undefined/pool_79b407.jpg,pool_79b407.jpg,3,0.3165430128574371,2,0.362136036157608,3,0.2497744858264923,False,-1,0.2497744858264923,0.3094845116138458,0.0103882799545924,1.642508711790156,3,2,0.1224286084373792,0.0850428479413191,0.2775293439626694,0.2879176239172618,0.172770544886589,0.0543110271294911,False,glacier_mountain,1.9865196455642913,44
5736,/home/h3r0-k1ll3r/Downloads/hackBlox/Round02/data/train/undefined/pool_da2fbf.jpg,pool_da2fbf.jpg,2,0.2597155570983886,2,0.3022187650203705,5,0.281937301158905,False,-1,0.2597155570983886,0.2812905410925547,0.0302055329084396,1.680944091056549,3,2,0.2011268734931945,0.0349285546690225,0.2191939602295557,0.2493994931379954,0.1275350376963615,0.1678160652518272,False,glacier_mountain,1.9861599075719008,45
2174,/home/h3r0-k1ll3r/Downloads/hackBlox/Round02/data/train/undefined/pool_423f9d.jpg,pool_423f9d.jpg,2,0.3898844420909881,4,0.3166734874248504,4,0.3318330347537994,False,-1,0.3166734874248504,0.3461303214232127,0.0113593190908432,1.6431478875665575,2,4,0.1815758943557739,0.0429829328010479,0.2828487753868103,0.1104881912469863,0.2714894562959671,0.1106147443254788,False,glacier_sea,1.9861287748154615,46
6567,/home/h3r0-k1ll3r/Downloads/hackBlox/Round02/data/train/undefined/pool_fefa18.jpg,pool_fefa18.jpg,4,0.2539762556552887,2,0.4371844232082367,4,0.3682479858398437,False,-1,0.2539762556552887,0.3531362215677897,0.007466231783231,1.6309063595992712,2,4,0.0810658782720565,0.0563851383825143,0.2910785228013992,0.1807682166496912,0.2836122910181681,0.1070899379750092,False,glacier_sea,1.9847921688098429,47
4322,/home/h3r0-k1ll3r/Downloads/hackBlox/Round02/data/train/undefined/pool_9c7fcc.jpg,pool_9c7fcc.jpg,4,0.3001886010169983,2,0.3108919262886047,4,0.2448448836803436,False,-1,0.2448448836803436,0.2853084703286488,0.0063051035006841,1.6224180172413731,2,4,0.1886079261700312,0.0276700699081023,0.2553358078002929,0.2091333866119384,0.2490307042996088,0.0702221406002839,False,glacier_sea,1.9829423430720015,48
2520,/home/h3r0-k1ll3r/Downloads/hackBlox/Round02/data/train/undefined/pool_50fbad.jpg,pool_50fbad.jpg,3,0.2998669743537903,1,0.3811685144901275,3,0.4418031275272369,False,-1,0.2998669743537903,0.3742795387903849,0.0095008313655853,1.6108111927472335,3,1,0.1303917815287908,0.3048477619886398,0.0873714089393615,0.3143485933542251,0.0674258979658285,0.0956145773331324,False,forest_mountain,1.977542859004819,49
6110,/home/h3r0-k1ll3r/Downloads/hackBlox/Round02/data/train/undefined/pool_eb10a0.jpg,pool_eb10a0.jpg,2,0.3220199048519134,2,0.3347321152687073,4,0.3312967419624328,False,-1,0.3220199048519134,0.3293495873610179,0.010827417174975,1.6115888212678795,2,4,0.0936156536142031,0.0368951174120108,0.3005786438783009,0.1554960583647092,0.2897512267033259,0.1236633087197939,False,glacier_sea,1.9769801960753788,50
3006,/home/h3r0-k1ll3r/Downloads/hackBlox/Round02/data/train/undefined/pool_646aea.jpg,pool_646aea.jpg,1,0.3583381474018097,1,0.3119015693664551,3,0.4521948099136352,False,-1,0.3119015693664551,0.3741448422273,0.0011132111152012,1.5778596555394562,1,3,0.128572441637516,0.3225841820240021,0.0743519042929013,0.3214709709088008,0.0635219154258569,0.0894985981285572,False,forest_mountain,1.972689969992716,51
1554,/home/h3r0-k1ll3r/Downloads/hackBlox/Round02/data/train/undefined/pool_2945ce.jpg,pool_2945ce.jpg,3,0.3113718628883362,1,0.2894039452075958,3,0.3272134959697723,False,-1,0.2894039452075958,0.3093297680219014,0.0070756375789642,1.583159653516641,3,1,0.077885470042626,0.2856394151846568,0.061507844676574,0.292715052763621,0.0543436333537101,0.2279085566600164,False,forest_mountain,1.9707025135076137,52
5202,/home/h3r0-k1ll3r/Downloads/hackBlox/Round02/data/train/undefined/pool_c27405.jpg,pool_c27405.jpg,4,0.3136161863803863,4,0.346775472164154,2,0.2496277838945388,False,-1,0.2496277838945388,0.3033398141463597,0.027245208621025,1.622281320716258,4,2,0.0871856783827145,0.0336384177207946,0.2614443252484004,0.2001203050216039,0.2886895338694255,0.1289217124382654,False,glacier_sea,1.9703372710422624,53
2402,/home/h3r0-k1ll3r/Downloads/hackBlox/Round02/data/train/undefined/pool_4c09f2.jpg,pool_4c09f2.jpg,0,0.3412467241287231,5,0.3293024599552154,5,0.3379260301589966,False,-1,0.3293024599552154,0.3361584047476451,0.0539795110623042,1.6747991831562357,5,0,0.25091486175855,0.1177909324566523,0.0760757625102996,0.1078721160689989,0.142451986670494,0.3048943728208542,False,buildings_street,1.970052048309488,54
654,/home/h3r0-k1ll3r/Downloads/hackBlox/Round02/data/train/undefined/pool_02b43d.jpg,pool_02b43d.jpg,2,0.3629361391067505,4,0.3546053469181061,2,0.3683894574642181,False,-1,0.3546053469181061,0.3619769811630249,0.0274257510900497,1.6113313407583834,2,4,0.1134982841710249,0.0914978111783663,0.3166317542394002,0.1407055780291557,0.2892060031493504,0.0484606008976697,False,glacier_sea,1.9669439515734852,55
3464,/home/h3r0-k1ll3r/Downloads/hackBlox/Round02/data/train/undefined/pool_77b318.jpg,pool_77b318.jpg,3,0.4107235670089721,3,0.3535582423210144,2,0.2947539091110229,False,-1,0.2947539091110229,0.3530119061470032,0.0446326633294423,1.644908210140032,3,2,0.0657242611050605,0.1122111255923907,0.2668630878130595,0.3114957511425018,0.090239313741525,0.1534664953748385,False,glacier_mountain,1.966692865044344,56
4605,/home/h3r0-k1ll3r/Downloads/hackBlox/Round02/data/train/undefined/pool_a8bf74.jpg,pool_a8bf74.jpg,5,0.4033955037593841,0,0.3792310953140259,5,0.309228241443634,False,-1,0.309228241443634,0.3639516135056813,0.0151701023181279,1.5824220529996331,5,0,0.3143554081519444,0.0981221919258435,0.1002810398737589,0.1008244243760903,0.0568914152681827,0.3295255104700724,False,buildings_street,1.9656245545090132,57
2583,/home/h3r0-k1ll3r/Downloads/hackBlox/Round02/data/train/undefined/pool_53901b.jpg,pool_53901b.jpg,3,0.2524128258228302,0,0.3077194988727569,3,0.363609254360199,False,-1,0.2524128258228302,0.307913859685262,0.0887409448623657,1.7269666511407296,3,2,0.1814057379961013,0.1644675508141517,0.182791789372762,0.2715327342351277,0.1209163591265678,0.0788858408729235,False,glacier_mountain,1.9648454284247994,58
3762,/home/h3r0-k1ll3r/Downloads/hackBlox/Round02/data/train/undefined/pool_83a893.jpg,pool_83a893.jpg,2,0.3838538527488708,2,0.3805457353591919,4,0.478362500667572,False,-1,0.3805457353591919,0.4142540295918782,0.0128938059012095,1.5720742317404128,4,2,0.1034163410464922,0.0440542784829934,0.3044274200995763,0.167884091536204,0.3173212260007858,0.0628966428339481,False,glacier_sea,1.9638859859813982,59
1961,/home/h3r0-k1ll3r/Downloads/hackBlox/Round02/data/train/undefined/pool_39a3d8.jpg,pool_39a3d8.jpg,3,0.3155726194381714,2,0.3398863077163696,3,0.2420956343412399,False,-1,0.2420956343412399,0.299184853831927,0.0658698479334513,1.669185823862291,3,2,0.2030873497327169,0.0436949183543523,0.2193156133095423,0.2851854612429936,0.1311641857028007,0.1175525275369485,False,glacier_mountain,1.9612338383986163,60
2701,/home/h3r0-k1ll3r/Downloads/hackBlox/Round02/data/train/undefined/pool_5892b5.jpg,pool_5892b5.jpg,5,0.3044807612895965,0,0.430632621049881,5,0.3867779076099396,False,-1,0.3044807612895965,0.3739637633164723,0.0216281563043594,1.578251485856346,0,5,0.2945828388134638,0.0478664760788281,0.0855021240810553,0.2411439269781112,0.0579499788582325,0.2729546825091044,False,buildings_street,1.9604985519742881,61
2781,/home/h3r0-k1ll3r/Downloads/hackBlox/Round02/data/train/undefined/pool_5bcf18.jpg,pool_5bcf18.jpg,3,0.3258533179759979,0,0.3068451285362243,3,0.4159879684448242,False,-1,0.3068451285362243,0.3495621383190155,0.0684236685434977,1.6613325805137071,3,1,0.1885719324151674,0.2300734768311182,0.0632278670867284,0.2984971453746159,0.0739592760801315,0.1456702823440233,False,forest_mountain,1.9573455730280136,62
5422,/home/h3r0-k1ll3r/Downloads/hackBlox/Round02/data/train/undefined/pool_cc00a7.jpg,pool_cc00a7.jpg,3,0.350869208574295,2,0.3290795087814331,3,0.3539132177829742,False,-1,0.3290795087814331,0.3446206450462341,0.0145352631807327,1.5394491731151532,3,2,0.038323242838184,0.2079179982344309,0.3008755147457123,0.315410777926445,0.0880538945396741,0.0494186008969942,False,glacier_mountain,1.9531135940261062,63
3306,/home/h3r0-k1ll3r/Downloads/hackBlox/Round02/data/train/undefined/pool_70c77f.jpg,pool_70c77f.jpg,2,0.2730785012245178,4,0.3665813207626343,2,0.3496151864528656,False,-1,0.2730785012245178,0.3297583361466725,0.042036751906077,1.593796078381918,2,4,0.1027421802282333,0.0357448638727267,0.3191936413447062,0.1767470290263494,0.2771568894386291,0.0884154265125592,False,glacier_sea,1.9529167723709293,64
2699,/home/h3r0-k1ll3r/Downloads/hackBlox/Round02/data/train/undefined/pool_58531a.jpg,pool_58531a.jpg,4,0.4198353588581085,2,0.3987219333648681,2,0.286453902721405,False,-1,0.286453902721405,0.3683370649814605,0.025192434589068,1.5593048608572633,2,4,0.0792962511380513,0.030987245341142,0.3238375385602315,0.1753539443016052,0.2986451039711634,0.0918799092372258,False,glacier_sea,1.9526759975037382,65
3263,/home/h3r0-k1ll3r/Downloads/hackBlox/Round02/data/train/undefined/pool_6ec2b6.jpg,pool_6ec2b6.jpg,2,0.2703404128551483,4,0.4181486964225769,4,0.2934668660163879,False,-1,0.2703404128551483,0.327318658431371,0.0470789323250452,1.600623184148959,4,2,0.1132860382397969,0.0331382260968287,0.2777924587329228,0.1362109904487927,0.3248713910579681,0.1147008587916692,False,glacier_sea,1.9519395958496606,66
1285,/home/h3r0-k1ll3r/Downloads/hackBlox/Round02/data/train/undefined/pool_1de796.jpg,pool_1de796.jpg,5,0.3815752267837524,0,0.3552765548229217,5,0.3839295208454132,False,-1,0.3552765548229217,0.3735937674840291,0.0158811410268147,1.534185282246592,5,0,0.332805186510086,0.0584631226956844,0.0771615505218505,0.0980502714713414,0.0848335449894269,0.3486863275369008,False,buildings_street,1.9507269000578888,67
1553,/home/h3r0-k1ll3r/Downloads/hackBlox/Round02/data/train/undefined/pool_293c5a.jpg,pool_293c5a.jpg,5,0.3619274199008941,5,0.4108670949935913,0,0.5951092839241028,False,-1,0.3619274199008941,0.4559679329395294,0.0149785528580347,1.52655927529595,5,0,0.328720028201739,0.1023815261820952,0.1159280991802613,0.0740036144852638,0.0352681341270605,0.3436985810597737,False,buildings_street,1.9489806508739642,68
4714,/home/h3r0-k1ll3r/Downloads/hackBlox/Round02/data/train/undefined/pool_ac97fc.jpg,pool_ac97fc.jpg,1,0.3688021898269653,1,0.3568525314331054,0,0.3770088851451874,False,-1,0.3568525314331054,0.3675545354684194,0.0014922320842742,1.4972428771232524,0,5,0.2937348037958145,0.2764855399727821,0.0387236736714839,0.043690367291371,0.0551230460405349,0.2922425717115402,False,buildings_street,1.9482775238864114,69
6218,/home/h3r0-k1ll3r/Downloads/hackBlox/Round02/data/train/undefined/pool_ef5db9.jpg,pool_ef5db9.jpg,3,0.2868801355361938,2,0.3516663908958435,3,0.3638202250003814,False,-1,0.2868801355361938,0.3341222504774729,0.0320239017407099,1.5497399033761765,3,2,0.0930012712876002,0.0488871323565642,0.3004507472117741,0.3324746489524841,0.1760170459747314,0.0491691455245018,False,glacier_mountain,1.945707629968427,70
6240,/home/h3r0-k1ll3r/Downloads/hackBlox/Round02/data/train/undefined/pool_f05124.jpg,pool_f05124.jpg,3,0.3003087937831878,2,0.343563050031662,2,0.3659530282020569,False,-1,0.3003087937831878,0.3366082906723022,0.083068773150444,1.6473986606113025,2,3,0.0947710573673248,0.1336262995998064,0.3201619784037272,0.2370932052532831,0.1620296090841293,0.0523178490499655,False,glacier_mountain,1.9443783342931245,71
5424,/home/h3r0-k1ll3r/Downloads/hackBlox/Round02/data/train/undefined/pool_cc0870.jpg,pool_cc0870.jpg,3,0.4301161170005798,2,0.4156259596347809,2,0.460559070110321,False,-1,0.4156259596347809,0.4354337155818939,0.0179378042618433,1.5102842733882818,2,3,0.0492631991704305,0.1163906628886858,0.354243869582812,0.3363060653209686,0.0804162633915742,0.0633799110849698,False,glacier_mountain,1.9423225994593785,72
1854,/home/h3r0-k1ll3r/Downloads/hackBlox/Round02/data/train/undefined/pool_3546da.jpg,pool_3546da.jpg,2,0.4496044218540191,3,0.3285566866397857,3,0.4257789850234985,False,-1,0.3285566866397857,0.4013133645057678,0.0258471071720123,1.5226200521222069,3,2,0.0606521603961785,0.0316641479730606,0.2960377285877864,0.3218848357597987,0.2206749022006988,0.0690862201154232,False,glacier_mountain,1.9412777513334547,73
647,/home/h3r0-k1ll3r/Downloads/hackBlox/Round02/data/train/undefined/pool_022c36.jpg,pool_022c36.jpg,2,0.3041384816169739,2,0.3925181627273559,0,0.2342842817306518,False,-1,0.2342842817306518,0.3103136420249939,0.1235606595873833,1.7152629682571476,2,4,0.157769796748956,0.0747566570838292,0.2979762504498164,0.1475509827335675,0.1744155908624331,0.1475306724508603,False,glacier_sea,1.9404424947247143,74
2622,/home/h3r0-k1ll3r/Downloads/hackBlox/Round02/data/train/undefined/pool_55274d.jpg,pool_55274d.jpg,2,0.3235962986946106,2,0.3373111188411712,4,0.2983563840389251,False,-1,0.2983563840389251,0.3197546005249023,0.0642217049996058,1.5943444723199285,2,3,0.1853992740313212,0.0282640283306439,0.2891064335902532,0.2248847285906473,0.2205197910467783,0.051825759311517,False,glacier_mountain,1.939770318696215,75
2256,/home/h3r0-k1ll3r/Downloads/hackBlox/Round02/data/train/undefined/pool_456bd0.jpg,pool_456bd0.jpg,3,0.3009200692176819,2,0.3841667473316192,3,0.4798262119293213,False,-1,0.3009200692176819,0.3883043428262074,0.0116022179524103,1.4887167246478217,3,2,0.0555640589445829,0.0424011026819547,0.3215308537085851,0.3331330716609955,0.2022166599829991,0.0451542809605598,False,glacier_mountain,1.9396536866229002,76
4235,/home/h3r0-k1ll3r/Downloads/hackBlox/Round02/data/train/undefined/pool_98a055.jpg,pool_98a055.jpg,3,0.4113598465919494,3,0.3334160447120666,2,0.3234204947948456,False,-1,0.3234204947948456,0.3560654620329539,0.0648561616738637,1.5950497740468124,3,2,0.0895175064603487,0.0595365700622399,0.2637099574009577,0.3285661190748214,0.1952444016933441,0.0634254229565461,False,glacier_mountain,1.9396012352097254,77
4129,/home/h3r0-k1ll3r/Downloads/hackBlox/Round02/data/train/undefined/pool_944b09.jpg,pool_944b09.jpg,5,0.399586945772171,0,0.3137839734554291,0,0.3381688296794891,False,-1,0.3137839734554291,0.3505132496356964,0.0613400191068649,1.5875364906742049,0,5,0.3315879205862681,0.1866712172826131,0.065688023964564,0.0937829551597436,0.0520220001538594,0.2702479014794032,False,buildings_street,1.9394569357381424,78
5530,/home/h3r0-k1ll3r/Downloads/hackBlox/Round02/data/train/undefined/pool_d12f67.jpg,pool_d12f67.jpg,3,0.4796227812767029,2,0.3838668167591095,3,0.3678168654441833,False,-1,0.3678168654441833,0.4104354878266652,0.0456290195385614,1.5536100613802155,3,2,0.0624324195086956,0.0475355014204978,0.3023073474566142,0.3479363669951756,0.1352481842041015,0.104540134469668,False,glacier_mountain,1.9387056066909278,79
6174,/home/h3r0-k1ll3r/Downloads/hackBlox/Round02/data/train/undefined/pool_ed4fc4.jpg,pool_ed4fc4.jpg,3,0.3924496471881866,4,0.3719305992126465,3,0.3590788245201111,False,-1,0.3590788245201111,0.374486356973648,0.0576168795426687,1.5752250749376786,3,2,0.046382421006759,0.0420383624732494,0.2587619324525197,0.3163788119951884,0.2164623588323593,0.1199761182069778,False,glacier_mountain,1.9379973947557023,80
3109,/home/h3r0-k1ll3r/Downloads/hackBlox/Round02/data/train/undefined/pool_68b194.jpg,pool_68b194.jpg,0,0.3782714307308197,0,0.3617238104343414,5,0.4293347299098968,False,-1,0.3617238104343414,0.3897766570250193,0.0217812061309814,1.5004758762177317,0,5,0.3542160987854004,0.0575218436618646,0.068691186606884,0.0464739799499511,0.1406620169679323,0.3324348926544189,False,buildings_street,1.9370740391867307,81
1098,/home/h3r0-k1ll3r/Downloads/hackBlox/Round02/data/train/undefined/pool_153044.jpg,pool_153044.jpg,5,0.467599868774414,0,0.381155788898468,0,0.4355320334434509,False,-1,0.381155788898468,0.4280958970387776,0.0265356947978337,1.5041149669506682,5,0,0.3356475085020065,0.0481444497903188,0.0681822225451469,0.0839702164133389,0.1018723572293917,0.3621832032998403,False,buildings_street,1.9353130732065003,82
1102,/home/h3r0-k1ll3r/Downloads/hackBlox/Round02/data/train/undefined/pool_1586ba.jpg,pool_1586ba.jpg,2,0.2965615093708038,3,0.4595951437950134,2,0.4166275858879089,False,-1,0.2965615093708038,0.3909280796845754,0.0129484881957372,1.4720373869569752,2,3,0.0481341642638047,0.0295021881659825,0.3421111504236857,0.3291626622279485,0.1872556507587433,0.0638341369728247,False,glacier_mountain,1.9338421231696503,83
2846,/home/h3r0-k1ll3r/Downloads/hackBlox/Round02/data/train/undefined/pool_5e473d.jpg,pool_5e473d.jpg,1,0.3477720320224762,0,0.4709680080413818,1,0.4088530540466308,False,-1,0.3477720320224762,0.4091976980368296,0.0076670721173286,1.459783460979206,0,5,0.3032710527380307,0.283636840681235,0.0371488370001316,0.0366608506689469,0.0436784327030181,0.2956039806207021,False,buildings_street,1.9333347950233648,84
4084,/home/h3r0-k1ll3r/Downloads/hackBlox/Round02/data/train/undefined/pool_921e1e.jpg,pool_921e1e.jpg,2,0.299155592918396,4,0.4632905423641205,2,0.5067632794380188,False,-1,0.299155592918396,0.4230698049068451,0.0627049505710601,1.568708179433704,2,4,0.0668163448572158,0.0419395628074804,0.3297015130519867,0.084436102459828,0.2669965624809265,0.2101098895072937,False,glacier_sea,1.932989483487475,85
5873,/home/h3r0-k1ll3r/Downloads/hackBlox/Round02/data/train/undefined/pool_e0c255.jpg,pool_e0c255.jpg,4,0.4023213684558868,2,0.3387748897075653,4,0.3097870945930481,False,-1,0.3097870945930481,0.3502944509188334,0.0703600297371546,1.582968473511981,4,2,0.1009935413797696,0.0325307920575141,0.2720313221216202,0.146065371731917,0.3423913518587748,0.105987640718619,False,glacier_sea,1.9326745242113015,86
1341,/home/h3r0-k1ll3r/Downloads/hackBlox/Round02/data/train/undefined/pool_1fd0ae.jpg,pool_1fd0ae.jpg,5,0.3738721907138824,5,0.4245142936706543,3,0.3018845617771148,False,-1,0.3018845617771148,0.3667570153872172,0.0675406853357951,1.5754724831268414,5,0,0.2735117375850677,0.0973180060585339,0.0482176293929417,0.1764192084471384,0.0634810042877992,0.3410524229208628,False,buildings_street,1.9321173337365753,87
5724,/home/h3r0-k1ll3r/Downloads/hackBlox/Round02/data/train/undefined/pool_d9b25e.jpg,pool_d9b25e.jpg,4,0.3184344172477722,4,0.428440511226654,2,0.2924323379993438,False,-1,0.2924323379993438,0.3464357554912567,0.0592440366744995,1.554721593655381,4,2,0.0638562987248102,0.0309319992860158,0.2844790120919545,0.1282126208146413,0.343723048766454,0.1487970153490702,False,glacier_sea,1.9308700560919145,88
4144,/home/h3r0-k1ll3r/Downloads/hackBlox/Round02/data/train/undefined/pool_94d7e4.jpg,pool_94d7e4.jpg,1,0.3980533182621002,0,0.2904881536960602,1,0.3782079219818115,False,-1,0.2904881536960602,0.355583131313324,0.094216967622439,1.622307454404449,1,3,0.1409112413724263,0.3459189236164093,0.1128943140308062,0.2517019559939702,0.0666663808127244,0.0819071953495343,False,forest_mountain,1.9301620557478714,89
635,/home/h3r0-k1ll3r/Downloads/hackBlox/Round02/data/train/undefined/pool_017dd8.jpg,pool_017dd8.jpg,3,0.5104263424873352,2,0.3177344501018524,3,0.2634825110435486,False,-1,0.2634825110435486,0.363881101210912,0.1040666153033574,1.638344262476752,3,2,0.0791056603193283,0.0494074101249376,0.2197647392749786,0.323831354578336,0.1818604568640391,0.1460303788383802,False,glacier_mountain,1.929063309561011,90
3399,/home/h3r0-k1ll3r/Downloads/hackBlox/Round02/data/train/undefined/pool_749ef5.jpg,pool_749ef5.jpg,0,0.4016876816749573,5,0.5403818488121033,5,0.3406704366207123,False,-1,0.3406704366207123,0.4275799890359242,0.0197202364603678,1.4654937820539309,5,0,0.3188103387753169,0.2139071722825368,0.0373775294671456,0.0417046217868725,0.0496697686612606,0.3385305752356847,False,buildings_street,1.9278159927399585,91
6316,/home/h3r0-k1ll3r/Downloads/hackBlox/Round02/data/train/undefined/pool_f40a10.jpg,pool_f40a10.jpg,2,0.4136045277118683,3,0.4165444672107696,2,0.3669005930423736,False,-1,0.3669005930423736,0.3990165293216705,0.0099928180376688,1.4439526611478877,2,3,0.0830762336651484,0.02461905280749,0.3499855498472849,0.3399927318096161,0.170204351345698,0.0321221003929773,False,glacier_mountain,1.927190107521765,92
3034,/home/h3r0-k1ll3r/Downloads/hackBlox/Round02/data/train/undefined/pool_6583d6.jpg,pool_6583d6.jpg,2,0.2850377559661865,2,0.4736815094947815,4,0.2693019211292267,False,-1,0.2693019211292267,0.3426737288633982,0.114292154709498,1.6518873151038511,2,4,0.1019984446465969,0.0781556131939093,0.3326531549294789,0.1831380079189936,0.2183610002199808,0.085693801442782,False,glacier_sea,1.9269909017054565,93
3114,/home/h3r0-k1ll3r/Downloads/hackBlox/Round02/data/train/undefined/pool_68d63d.jpg,pool_68d63d.jpg,3,0.3972048163414001,3,0.3307943642139435,2,0.4186843037605285,False,-1,0.3307943642139435,0.3822278281052907,0.0081946502129237,1.4393284633483103,3,2,0.058576762676239,0.0253951735794544,0.3004212975502014,0.3086159477631251,0.2792219420274098,0.0277688975135485,False,glacier_mountain,1.9268817488767391,94
2563,/home/h3r0-k1ll3r/Downloads/hackBlox/Round02/data/train/undefined/pool_52c62d.jpg,pool_52c62d.jpg,5,0.3104346990585327,5,0.4166139960289001,3,0.2745097875595093,False,-1,0.2745097875595093,0.3338528275489807,0.0980609407027562,1.617868923493648,5,0,0.2185861468315124,0.0545522160828113,0.0467369258403778,0.1746842438975969,0.1887933661540349,0.3166470875342687,False,buildings_street,1.9265241126264407,95
3872,/home/h3r0-k1ll3r/Downloads/hackBlox/Round02/data/train/undefined/pool_884109.jpg,pool_884109.jpg,2,0.3524679243564605,4,0.4764515459537506,2,0.3586018979549408,False,-1,0.3524679243564605,0.395840456088384,0.0223384002844492,1.46586082480375,4,2,0.0449054439862569,0.0286916103214025,0.3371253311634063,0.1430221820871035,0.3594637314478556,0.0867916792631149,False,glacier_sea,1.9263552072704555,96
681,/home/h3r0-k1ll3r/Downloads/hackBlox/Round02/data/train/undefined/pool_045b6a.jpg,pool_045b6a.jpg,3,0.3984762132167816,3,0.3760983645915985,2,0.3139227628707886,False,-1,0.3139227628707886,0.3628324468930562,0.067539095878601,1.5559859253493935,3,2,0.1142889186739921,0.0338777247816324,0.2795775234699249,0.347116619348526,0.1614283670981725,0.0637108820180098,False,glacier_mountain,1.9262723200776577,97
2110,/home/h3r0-k1ll3r/Downloads/hackBlox/Round02/data/train/undefined/pool_3f732f.jpg,pool_3f732f.jpg,2,0.4015059769153595,3,0.3674965798854828,3,0.448774516582489,False,-1,0.3674965798854828,0.4059256911277771,0.0147330462932586,1.446143868413665,2,3,0.0466285205135742,0.0733042508363723,0.3712650934855143,0.3565320471922557,0.1104640364646911,0.0418060099085172,False,glacier_mountain,1.9250033327481444,98
4407,/home/h3r0-k1ll3r/Downloads/hackBlox/Round02/data/train/undefined/pool_a09fb2.jpg,pool_a09fb2.jpg,2,0.3800495564937591,4,0.4580040872097015,2,0.5458992719650269,False,-1,0.3800495564937591,0.4613176385561625,0.0663369546333949,1.548824341421687,2,4,0.1388738552729288,0.0494062801202138,0.3608716577291488,0.0823540116349856,0.2945347030957539,0.0739595120151837,False,glacier_sea,1.9248451296464693,99
6028,/home/h3r0-k1ll3r/Downloads/hackBlox/Round02/data/train/undefined/pool_e71c7b.jpg,pool_e71c7b.jpg,3,0.4169475734233856,3,0.3098081946372986,2,0.4887245595455169,False,-1,0.3098081946372986,0.4051601092020671,0.0165142317612965,1.4465052982674491,3,2,0.0692011558761199,0.0500125102698802,0.344631552696228,0.3611457844575246,0.149935661504666,0.0250733283658822,False,glacier_mountain,1.9240430504234567,100
4977,/home/h3r0-k1ll3r/Downloads/hackBlox/Round02/data/train/undefined/pool_b7f006.jpg,pool_b7f006.jpg,3,0.373633325099945,2,0.3422332406044006,3,0.4326427578926086,False,-1,0.3422332406044006,0.3828364411989848,0.0664552748203277,1.541415111814863,3,2,0.0821073601643244,0.095072957376639,0.3021010955174764,0.3685563703378041,0.1019913256168365,0.0501708897451559,False,glacier_mountain,1.9225513686522622,101
853,/home/h3r0-k1ll3r/Downloads/hackBlox/Round02/data/train/undefined/pool_0b3a63.jpg,pool_0b3a63.jpg,5,0.2966514527797699,0,0.3639472126960754,0,0.4453000724315643,False,-1,0.2966514527797699,0.3686329126358032,0.0618739823500315,1.5265421851980825,0,5,0.3635465403397878,0.039808432261149,0.1048221712311108,0.0577740048368771,0.1323763281106948,0.3016725579897563,False,buildings_street,1.920838266149406,102
6543,/home/h3r0-k1ll3r/Downloads/hackBlox/Round02/data/train/undefined/pool_fdffd6.jpg,pool_fdffd6.jpg,2,0.3915149569511413,2,0.3337434232234955,3,0.3847807347774505,False,-1,0.3337434232234955,0.3700130383173625,0.0405629376570383,1.4788725604662665,2,3,0.0940761516491572,0.0392963780711094,0.3678062856197357,0.3272433479626973,0.1313424135247866,0.0402354088922341,False,glacier_mountain,1.919324005545657,103
3610,/home/h3r0-k1ll3r/Downloads/hackBlox/Round02/data/train/undefined/pool_7db3a0.jpg,pool_7db3a0.jpg,2,0.3757846653461456,2,0.415946751832962,3,0.494080126285553,False,-1,0.3757846653461456,0.4286038478215535,0.0447617719570795,1.4866501287411853,2,3,0.0683630766967932,0.0302528099467357,0.3456228176752726,0.300861045718193,0.2088382641474405,0.0460620007167259,False,glacier_mountain,1.9191379754481077,104
5729,/home/h3r0-k1ll3r/Downloads/hackBlox/Round02/data/train/undefined/pool_d9cf27.jpg,pool_d9cf27.jpg,3,0.4940488040447235,4,0.3778824508190155,3,0.3974387645721435,False,-1,0.3778824508190155,0.4231233398119609,0.0411381274461746,1.4778026672864182,3,2,0.0579548267026742,0.0339129989345868,0.2972532610098521,0.3383913884560267,0.2308968951304753,0.0415906682610511,False,glacier_mountain,1.9186579237182206,105
5929,/home/h3r0-k1ll3r/Downloads/hackBlox/Round02/data/train/undefined/pool_e392ac.jpg,pool_e392ac.jpg,5,0.3370154798030853,2,0.4765657186508178,2,0.3164055347442627,False,-1,0.3164055347442627,0.3766622443993886,0.0926194836695988,1.5807236651918597,2,4,0.0770431322356065,0.0371266535172859,0.3283580591281255,0.0890393555164337,0.2357385754585266,0.2326941862702369,False,glacier_sea,1.9186454093557985,106
2105,/home/h3r0-k1ll3r/Downloads/hackBlox/Round02/data/train/undefined/pool_3f2df9.jpg,pool_3f2df9.jpg,5,0.3519000709056854,5,0.5009167790412903,4,0.3315240144729614,False,-1,0.3315240144729614,0.394780288139979,0.0915979345639546,1.5784903256291485,5,0,0.2506778836250305,0.044211708009243,0.0636670018235842,0.0997412490348021,0.1994263306260109,0.3422758181889851,False,buildings_street,1.9185883369503718,107
2306,/home/h3r0-k1ll3r/Downloads/hackBlox/Round02/data/train/undefined/pool_47cbf6.jpg,pool_47cbf6.jpg,4,0.3821393251419067,2,0.4737687408924103,4,0.4365634322166443,False,-1,0.3821393251419067,0.4308238327503204,0.0203754305839538,1.4346312390341838,4,2,0.0515341646969318,0.0258213256796201,0.3171939899524053,0.2329424073298772,0.3375694205363591,0.0349387042224407,False,glacier_sea,1.918164113359883,108
3149,/home/h3r0-k1ll3r/Downloads/hackBlox/Round02/data/train/undefined/pool_6a3a79.jpg,pool_6a3a79.jpg,0,0.3479572832584381,5,0.4223848879337311,0,0.3962823152542114,False,-1,0.3479572832584381,0.3888748288154602,0.1111015230417251,1.6144804512272757,0,5,0.3326006333033244,0.050705149769783,0.0694913466771443,0.1169069881240526,0.2087967793146769,0.2214991102615992,False,buildings_street,1.9176832215431476,109
3984,/home/h3r0-k1ll3r/Downloads/hackBlox/Round02/data/train/undefined/pool_8d6720.jpg,pool_8d6720.jpg,5,0.3935460746288299,0,0.3437884747982025,5,0.3248309791088104,False,-1,0.3248309791088104,0.3540551761786143,0.1010703941186269,1.593815477007319,5,0,0.251854012409846,0.0592214999099572,0.061886145422856,0.1641341944535573,0.1099796990553538,0.3529244065284729,False,buildings_street,1.9175024066310196,110
4917,/home/h3r0-k1ll3r/Downloads/hackBlox/Round02/data/train/undefined/pool_b54f28.jpg,pool_b54f28.jpg,4,0.3131159543991089,2,0.4031004905700683,4,0.358556866645813,False,-1,0.3131159543991089,0.3582577705383301,0.0242056151231129,1.4358226645665857,4,2,0.0678857875367005,0.0217929302404324,0.3245261112848918,0.2038727899392446,0.3487317264080047,0.0331906558324893,False,glacier_sea,1.9162234302961079,111
857,/home/h3r0-k1ll3r/Downloads/hackBlox/Round02/data/train/undefined/pool_0b5bc3.jpg,pool_0b5bc3.jpg,4,0.4225443005561828,3,0.3135147988796234,4,0.3965279459953308,False,-1,0.3135147988796234,0.3775290151437123,0.0288211206595103,1.441179770078547,4,2,0.0714309910933176,0.0253316443413496,0.3278472423553467,0.1851389954487482,0.356668363014857,0.0335827749222517,False,glacier_sea,1.915061258627858,112
2047,/home/h3r0-k1ll3r/Downloads/hackBlox/Round02/data/train/undefined/pool_3d0827.jpg,pool_3d0827.jpg,5,0.3191946744918823,0,0.387651652097702,5,0.4831477403640747,False,-1,0.3191946744918823,0.396664688984553,0.0603486597537994,1.4918827172956368,5,0,0.3185201088587443,0.1273688127597173,0.0534236927827199,0.0583626901110013,0.0634559591611226,0.3788687686125437,False,buildings_street,1.9113556193364114,113
5501,/home/h3r0-k1ll3r/Downloads/hackBlox/Round02/data/train/undefined/pool_cfd9d6.jpg,pool_cfd9d6.jpg,3,0.3737708330154419,3,0.3925119936466217,1,0.3251865804195404,False,-1,0.3251865804195404,0.363823135693868,0.0640053103367487,1.4990420872810528,3,1,0.2468623220920562,0.2727107405662536,0.0495629012584686,0.3367160509030024,0.0337953915198644,0.060352566341559,False,forest_mountain,1.9113094399822668,114
6173,/home/h3r0-k1ll3r/Downloads/hackBlox/Round02/data/train/undefined/pool_ed46f8.jpg,pool_ed46f8.jpg,0,0.3676765561103821,5,0.5721860527992249,0,0.5283437371253967,False,-1,0.3676765561103821,0.4894021153450012,0.0193816473086674,1.404230031262037,0,5,0.3746163696050644,0.1516811251640319,0.0365261174738407,0.0411585656305154,0.0407830700278282,0.3552347222963969,False,buildings_street,1.9096400209934108,115
3549,/home/h3r0-k1ll3r/Downloads/hackBlox/Round02/data/train/undefined/pool_7adf39.jpg,pool_7adf39.jpg,3,0.3446607291698456,2,0.3322793245315552,3,0.4155706763267517,False,-1,0.3322793245315552,0.3641702433427174,0.1198424696922302,1.604978842197399,3,2,0.1553637757897377,0.0880280211567878,0.2422339717547098,0.3620764414469401,0.0874553968509038,0.0648423979679743,False,glacier_mountain,1.9095881708438815,116
2144,/home/h3r0-k1ll3r/Downloads/hackBlox/Round02/data/train/undefined/pool_40aa71.jpg,pool_40aa71.jpg,4,0.3661085665225982,3,0.3429255485534668,3,0.3704173564910888,False,-1,0.3429255485534668,0.3598171571890513,0.0123937129974365,1.3889917331778907,3,2,0.0363745391368866,0.0249592127899328,0.309871753056844,0.3222654660542806,0.28181687494119,0.0247121683011452,False,glacier_mountain,1.9092612921549053,117
2802,/home/h3r0-k1ll3r/Downloads/hackBlox/Round02/data/train/undefined/pool_5cae1b.jpg,pool_5cae1b.jpg,0,0.3771389424800873,5,0.5356638431549072,5,0.4541463851928711,False,-1,0.3771389424800873,0.4556497236092885,0.0423951695362727,1.445595415286846,5,0,0.3362936973571777,0.0380532828470071,0.0706991143524646,0.0394702535122633,0.1367947955926259,0.3786888668934504,False,buildings_street,1.9082415228642902,118
1504,/home/h3r0-k1ll3r/Downloads/hackBlox/Round02/data/train/undefined/pool_26cc9a.jpg,pool_26cc9a.jpg,3,0.4208090901374817,2,0.2935995459556579,3,0.401233971118927,False,-1,0.2935995459556579,0.3718808690706889,0.1299991061290105,1.6192092614161109,3,2,0.1257664933800697,0.0448814978202184,0.2204855531454086,0.3504846592744191,0.1656560699144999,0.0927257438500722,False,glacier_mountain,1.9077633147474269,119
678,/home/h3r0-k1ll3r/Downloads/hackBlox/Round02/data/train/undefined/pool_042a5f.jpg,pool_042a5f.jpg,5,0.355399489402771,0,0.5467192530632019,5,0.506705105304718,False,-1,0.355399489402771,0.469607949256897,0.001237099369367,1.361111296604104,0,5,0.368221456805865,0.1715127974748611,0.0257745503137509,0.0355101178089777,0.031996722643574,0.366984357436498,False,buildings_street,1.907591129359611,120
6243,/home/h3r0-k1ll3r/Downloads/hackBlox/Round02/data/train/undefined/pool_f0940d.jpg,pool_f0940d.jpg,2,0.4581005871295929,4,0.3888823091983795,2,0.3887739479541778,False,-1,0.3887739479541778,0.4119189480940501,0.034682681163152,1.4278818149756258,2,4,0.0572949709991614,0.0295037701725959,0.386795570453008,0.0907073443134625,0.3521128892898559,0.0835854684313138,False,glacier_sea,1.9075549357947967,121
1276,/home/h3r0-k1ll3r/Downloads/hackBlox/Round02/data/train/undefined/pool_1d34b4.jpg,pool_1d34b4.jpg,3,0.575033962726593,2,0.4932096898555755,2,0.4011509120464325,False,-1,0.4011509120464325,0.4897981882095337,0.0034825553496679,1.3637885836071275,3,2,0.0409399929145971,0.0303551834076643,0.3696744044621785,0.3731569598118464,0.1580964103341102,0.0277770472069581,False,glacier_mountain,1.9070470418723375,122
5390,/home/h3r0-k1ll3r/Downloads/hackBlox/Round02/data/train/undefined/pool_cac25d.jpg,pool_cac25d.jpg,2,0.3001014292240143,3,0.3208308517932892,3,0.3768625259399414,False,-1,0.3001014292240143,0.3325982689857483,0.0567478636900584,1.47029167419303,3,2,0.0632372920711835,0.0298448906590541,0.2727354069550832,0.3294832706451416,0.269709308942159,0.0349898779143889,False,glacier_mountain,1.907038784043874,123
890,/home/h3r0-k1ll3r/Downloads/hackBlox/Round02/data/train/undefined/pool_0ca478.jpg,pool_0ca478.jpg,4,0.3756721913814544,4,0.438174694776535,2,0.4862680435180664,False,-1,0.3756721913814544,0.433371643225352,0.032553806900978,1.4217589552673318,2,4,0.0654019452631473,0.0292874487737814,0.3829324742158254,0.1236182103554407,0.3503786673148473,0.0483812366922696,False,glacier_sea,1.9069954024396125,124
4310,/home/h3r0-k1ll3r/Downloads/hackBlox/Round02/data/train/undefined/pool_9bfe2e.jpg,pool_9bfe2e.jpg,4,0.3978677093982696,2,0.3333442509174347,2,0.3462633490562439,False,-1,0.3333442509174347,0.3591584364573161,0.0072147945562998,1.3682021424320128,2,4,0.0318397004157304,0.0238196110973755,0.3403408428033193,0.2461979687213897,0.3331260482470194,0.0246758578966061,False,glacier_sea,1.906131765995824,125
3083,/home/h3r0-k1ll3r/Downloads/hackBlox/Round02/data/train/undefined/pool_67d85e.jpg,pool_67d85e.jpg,2,0.308271586894989,3,0.4183893501758575,2,0.4553358554840088,False,-1,0.308271586894989,0.3939989308516184,0.0317875196536381,1.4160574016669385,2,3,0.0673887624094883,0.0349406351645787,0.3729855914910634,0.3411980718374252,0.1594515020648638,0.0240354451040426,False,glacier_mountain,1.9057447087078987,126
2231,/home/h3r0-k1ll3r/Downloads/hackBlox/Round02/data/train/undefined/pool_4475ae.jpg,pool_4475ae.jpg,3,0.4628840684890747,2,0.3640696108341217,2,0.3594146966934204,False,-1,0.3594146966934204,0.3954561253388722,0.0712928920984268,1.4916666768595204,3,2,0.0912021026015281,0.0665230602025985,0.313122496008873,0.3844153881072998,0.1078775152564048,0.0368594378232955,False,glacier_mountain,1.9047242677987999,127
6154,/home/h3r0-k1ll3r/Downloads/hackBlox/Round02/data/train/undefined/pool_ec79af.jpg,pool_ec79af.jpg,5,0.3661011457443237,0,0.458285242319107,5,0.3726259171962738,False,-1,0.3661011457443237,0.3990041017532348,0.0281131466229756,1.403961350697946,5,0,0.339157372713089,0.1865135232607523,0.0350651039431492,0.031109107658267,0.0408843780557314,0.3672705193360646,False,buildings_street,1.9043205172355984,128
4571,/home/h3r0-k1ll3r/Downloads/hackBlox/Round02/data/train/undefined/pool_a74578.jpg,pool_a74578.jpg,2,0.3746509552001953,2,0.4012632966041565,4,0.3208328187465668,False,-1,0.3208328187465668,0.3655823568503062,0.0928938090801239,1.5325862126657015,2,4,0.1162784943977991,0.0270433810849984,0.3627471923828125,0.1659579177697499,0.2698533833026886,0.0581196236113707,False,glacier_sea,1.9040395783516362,129
5726,/home/h3r0-k1ll3r/Downloads/hackBlox/Round02/data/train/undefined/pool_d9b9f7.jpg,pool_d9b9f7.jpg,0,0.410243809223175,0,0.4110161066055298,5,0.4169502854347229,False,-1,0.410243809223175,0.4127367337544759,0.0113473534584045,1.3680380647945232,0,5,0.3908329506715138,0.0943431531389554,0.0310420325646797,0.0688008603950341,0.0354954383025566,0.3794855972131093,False,buildings_street,1.9036030073633143,130
1261,/home/h3r0-k1ll3r/Downloads/hackBlox/Round02/data/train/undefined/pool_1cbb13.jpg,pool_1cbb13.jpg,3,0.5158780217170715,2,0.4858390092849731,3,0.4228474199771881,False,-1,0.4228474199771881,0.4748548169930776,0.0302211046218872,1.397075510157104,3,2,0.0441046288857857,0.0302756037563085,0.3491513828436534,0.3793724874655406,0.1578851640224456,0.0392107373724381,False,glacier_mountain,1.9009899902739988,131
5247,/home/h3r0-k1ll3r/Downloads/hackBlox/Round02/data/train/undefined/pool_c45487.jpg,pool_c45487.jpg,2,0.3318782746791839,4,0.4680639803409576,4,0.3182455599308014,False,-1,0.3182455599308014,0.3727292716503143,0.0981266299883524,1.5322154364190794,4,2,0.0997369140386581,0.0331188254058361,0.2714677651723226,0.1654592951138814,0.369594395160675,0.0606227964162826,False,glacier_sea,1.9007886529327123,132
6563,/home/h3r0-k1ll3r/Downloads/hackBlox/Round02/data/train/undefined/pool_fedf76.jpg,pool_fedf76.jpg,3,0.4014879763126373,2,0.5218223333358765,3,0.5603575110435486,False,-1,0.4014879763126373,0.4945559402306874,0.0457604825496673,1.4252803868569146,3,2,0.0333091163386901,0.0552576022843519,0.3480279793341954,0.3937884618838628,0.0762045135100682,0.0934123173356056,False,glacier_mountain,1.9001278265272739,133
4029,/home/h3r0-k1ll3r/Downloads/hackBlox/Round02/data/train/undefined/pool_8f87f4.jpg,pool_8f87f4.jpg,1,0.3916771113872528,3,0.3907475471496582,1,0.4686669111251831,False,-1,0.3907475471496582,0.417030523220698,0.0386714736620585,1.4110095615512832,1,3,0.1152731950084368,0.391133705774943,0.0580603418250878,0.3524622321128845,0.0318817719817161,0.0511887942751248,False,forest_mountain,1.90009998426815,134
2903,/home/h3r0-k1ll3r/Downloads/hackBlox/Round02/data/train/undefined/pool_60de7a.jpg,pool_60de7a.jpg,0,0.5246843695640564,5,0.4509090781211853,5,0.5638567805290222,False,-1,0.4509090781211853,0.5131500760714213,0.0316502799590429,1.39612592492594,5,0,0.3597672631343205,0.05103015465041,0.0449581493933995,0.0354895293712616,0.117337388296922,0.3914175430933634,False,buildings_street,1.8998476095023564,135
4772,/home/h3r0-k1ll3r/Downloads/hackBlox/Round02/data/train/undefined/pool_af85ad.jpg,pool_af85ad.jpg,5,0.3221805393695831,5,0.5928861498832703,0,0.6287921667098999,False,-1,0.3221805393695831,0.5146196186542511,0.0189027388890584,1.3662706050945843,0,5,0.3866721292336781,0.1366344305376211,0.0315292458981275,0.0307166116933027,0.0466781947761774,0.3677693903446197,False,buildings_street,1.8985395381949401,136
3628,/home/h3r0-k1ll3r/Downloads/hackBlox/Round02/data/train/undefined/pool_7e5a51.jpg,pool_7e5a51.jpg,5,0.4003004729747772,0,0.3146319091320038,5,0.4618374705314636,False,-1,0.3146319091320038,0.3922566175460815,0.0843619604905446,1.4957480573989868,5,0,0.3066630164782206,0.1099562024076779,0.0445878095924854,0.0785746375719706,0.0691933706402778,0.3910249769687652,False,buildings_street,1.8981072409253694,137
4350,/home/h3r0-k1ll3r/Downloads/hackBlox/Round02/data/train/undefined/pool_9e08b9.jpg,pool_9e08b9.jpg,3,0.5895596146583557,2,0.4445569217205047,2,0.3162569999694824,False,-1,0.3162569999694824,0.4501245121161143,0.0771986494461695,1.480657256981845,3,2,0.0900472154219945,0.0274268376330534,0.2893398702144623,0.3665385196606318,0.1888762613137563,0.0377713019649187,False,glacier_mountain,1.8978779874268519,138
2985,/home/h3r0-k1ll3r/Downloads/hackBlox/Round02/data/train/undefined/pool_63ad99.jpg,pool_63ad99.jpg,2,0.4150099754333496,2,0.3669762909412384,4,0.616500735282898,False,-1,0.3669762909412384,0.4661623338858287,0.0597462927301724,1.4455681954926265,4,2,0.0766639299690723,0.0237668342888355,0.3011286283532778,0.2080754041671753,0.3608749210834503,0.0294903044899304,False,glacier_sea,1.8978226830096845,139
2197,/home/h3r0-k1ll3r/Downloads/hackBlox/Round02/data/train/undefined/pool_434c16.jpg,pool_434c16.jpg,2,0.2729594111442566,2,0.4905622601509094,3,0.3864029943943023,False,-1,0.2729594111442566,0.3833082218964894,0.0986289779345194,1.5229697974042615,2,3,0.0689648849268754,0.0381879185636838,0.3753005564212799,0.2766715784867604,0.1679881711800893,0.0728868829707304,False,glacier_mountain,1.897713552460567,140
1858,/home/h3r0-k1ll3r/Downloads/hackBlox/Round02/data/train/undefined/pool_3574de.jpg,pool_3574de.jpg,5,0.3490502834320068,0,0.6014203429222107,5,0.4203424453735351,False,-1,0.3490502834320068,0.4569376905759175,0.074326659242312,1.4693150172609903,0,5,0.3890124460061391,0.050713162869215,0.0402058698236942,0.1339621047178904,0.0714206943909327,0.314685786763827,False,buildings_street,1.89619850963291,141
2060,/home/h3r0-k1ll3r/Downloads/hackBlox/Round02/data/train/undefined/pool_3d7ab2.jpg,pool_3d7ab2.jpg,2,0.3528518378734588,2,0.496056318283081,3,0.3646476864814758,False,-1,0.3528518378734588,0.4045186142126719,0.121019423007965,1.562592531047192,2,3,0.0706039282182852,0.0356052412341038,0.3517103046178818,0.2306908816099167,0.2210652728875478,0.0903243348002433,False,glacier_mountain,1.8961661055093786,142
1853,/home/h3r0-k1ll3r/Downloads/hackBlox/Round02/data/train/undefined/pool_353e4e.jpg,pool_353e4e.jpg,3,0.4381287693977356,3,0.3983621299266815,2,0.5789022445678711,False,-1,0.3983621299266815,0.4717977146307627,0.0027409742275874,1.3253392183463757,2,3,0.0334769561886787,0.0214566023399432,0.3667207608620326,0.3639797866344452,0.1957321092486381,0.0186337484046816,False,glacier_mountain,1.8959571809673603,143
2286,/home/h3r0-k1ll3r/Downloads/hackBlox/Round02/data/train/undefined/pool_46f7da.jpg,pool_46f7da.jpg,5,0.4552934169769287,0,0.540303111076355,5,0.5274337530136108,False,-1,0.4552934169769287,0.5076767603556315,0.0240934987862904,1.3602483500596896,5,0,0.3804137110710144,0.05175673092405,0.0421769296129544,0.0610511824488639,0.0600942336022853,0.4045072098573049,False,buildings_street,1.8936184057461325,144
6344,/home/h3r0-k1ll3r/Downloads/hackBlox/Round02/data/train/undefined/pool_f55f87.jpg,pool_f55f87.jpg,5,0.2987663149833679,0,0.3998095095157623,0,0.4748669266700744,False,-1,0.2987663149833679,0.3911475837230682,0.1043926278750101,1.5203691929280272,0,5,0.383073627948761,0.1510167817274729,0.0375413093715906,0.075680265824,0.0740069858729839,0.2786810000737508,False,buildings_street,1.893475181153402,145
6310,/home/h3r0-k1ll3r/Downloads/hackBlox/Round02/data/train/undefined/pool_f3d1e5.jpg,pool_f3d1e5.jpg,2,0.4339475929737091,2,0.5865771174430847,4,0.4951653480529785,False,-1,0.4339475929737091,0.5052300194899241,0.0668675402800241,1.4439799229280097,2,4,0.122621754805247,0.0275989454239606,0.3909721424182256,0.090581531325976,0.3241046021382014,0.0441210158169269,False,glacier_sea,1.8930734527103885,146
3778,/home/h3r0-k1ll3r/Downloads/hackBlox/Round02/data/train/undefined/pool_84330f.jpg,pool_84330f.jpg,3,0.5680758357048035,2,0.4289261400699615,2,0.3233262002468109,False,-1,0.3233262002468109,0.4401093920071919,0.069098467628161,1.4470053419802686,3,2,0.0763635610540707,0.0233936874816815,0.3029906253019969,0.3720890929301579,0.1901003668705622,0.0350626371800899,False,glacier_mountain,1.892642522017184,147
5956,/home/h3r0-k1ll3r/Downloads/hackBlox/Round02/data/train/undefined/pool_e43bef.jpg,pool_e43bef.jpg,2,0.4174330234527588,4,0.43684121966362,4,0.564734160900116,False,-1,0.4174330234527588,0.4730028013388316,0.036654566725095,1.379738616848082,4,2,0.1012049590547879,0.0136376370986302,0.3532452285289764,0.1087154845396677,0.3898997952540715,0.0332968843479951,False,glacier_sea,1.8919288450193676,148
1727,/home/h3r0-k1ll3r/Downloads/hackBlox/Round02/data/train/undefined/pool_3097bb.jpg,pool_3097bb.jpg,4,0.4530238509178161,4,0.3399027287960052,2,0.4276998937129974,False,-1,0.3399027287960052,0.4068754911422729,0.0100344816843668,1.326289691065344,4,2,0.0327246530602375,0.0173311832671364,0.357782244682312,0.2017958561579386,0.3678167263666789,0.0225494013478358,False,glacier_sea,1.8918662183089832,149
5515,/home/h3r0-k1ll3r/Downloads/hackBlox/Round02/data/train/undefined/pool_d0abd8.jpg,pool_d0abd8.jpg,3,0.5555371046066284,2,0.4529427289962768,2,0.495213508605957,False,-1,0.4529427289962768,0.5012311140696207,0.0288944741090139,1.3628775984129913,2,3,0.0413611736148595,0.0307665839791297,0.389511118332545,0.360616644223531,0.1469655185937881,0.0307789103438456,False,glacier_mountain,1.891526595058489,150
6272,/home/h3r0-k1ll3r/Downloads/hackBlox/Round02/data/train/undefined/pool_f1ff2a.jpg,pool_f1ff2a.jpg,4,0.446024626493454,4,0.4495035409927368,2,0.5364329218864441,False,-1,0.446024626493454,0.4773203631242116,0.0284410864114761,1.360846622384291,2,4,0.0382051517566045,0.0211437717080116,0.3910471796989441,0.1394361952940623,0.3626060932874679,0.0475616243978341,False,glacier_sea,1.8911893348684015,151
5713,/home/h3r0-k1ll3r/Downloads/hackBlox/Round02/data/train/undefined/pool_d8f9b0.jpg,pool_d8f9b0.jpg,2,0.3749768435955047,2,0.3388328850269317,3,0.5360957384109497,False,-1,0.3388328850269317,0.4166351556777954,0.0243566234906514,1.3508596741194394,3,2,0.0271834370990594,0.0179509424294034,0.3154829392830531,0.3398395627737045,0.2733426541090011,0.0262004695832729,False,glacier_mountain,1.890643928141441,152
5159,/home/h3r0-k1ll3r/Downloads/hackBlox/Round02/data/train/undefined/pool_c04f70.jpg,pool_c04f70.jpg,2,0.4304803013801574,4,0.4159176349639892,2,0.3390288054943084,False,-1,0.3390288054943084,0.395142247279485,0.1089951694011688,1.519443793182507,2,4,0.0531780918439229,0.0323569768418868,0.3762482106685638,0.0994921252131462,0.267253041267395,0.1714715485771497,False,glacier_sea,1.8904360363140507,153
4682,/home/h3r0-k1ll3r/Downloads/hackBlox/Round02/data/train/undefined/pool_ab2f2f.jpg,pool_ab2f2f.jpg,2,0.3814620971679687,3,0.48234823346138,2,0.4045156240463257,False,-1,0.3814620971679687,0.4227753182252248,0.024624357620875,1.3506607564649489,3,2,0.0305459114412466,0.0306199342012405,0.3629584113756816,0.3875827689965566,0.155063971877098,0.0332290083169937,False,glacier_mountain,1.8904236123669598,154
2663,/home/h3r0-k1ll3r/Downloads/hackBlox/Round02/data/train/undefined/pool_56b498.jpg,pool_56b498.jpg,5,0.467533677816391,0,0.4638088941574096,5,0.4510877728462219,False,-1,0.4510877728462219,0.4608101149400075,0.0300910572210947,1.361559135216126,5,0,0.3643970688184102,0.022386730959018,0.036802918339769,0.0534320573012034,0.1284931177894274,0.394488126039505,False,buildings_street,1.890413106232181,155
3997,/home/h3r0-k1ll3r/Downloads/hackBlox/Round02/data/train/undefined/pool_8dd68d.jpg,pool_8dd68d.jpg,1,0.3728434145450592,3,0.4512607455253601,3,0.4092146158218384,False,-1,0.3728434145450592,0.4111062586307525,0.0543515086174011,1.4097724019085374,3,1,0.0575455526510874,0.351046731074651,0.0627103919784228,0.4053982396920522,0.0437825148304303,0.0795165921250979,False,forest_mountain,1.8903208154021205,156
6591,/home/h3r0-k1ll3r/Downloads/hackBlox/Round02/data/train/undefined/pool_ffb26a.jpg,pool_ffb26a.jpg,2,0.4552167057991028,4,0.4375611841678619,2,0.3714872598648071,False,-1,0.3714872598648071,0.4214217166105906,0.0273750821749369,1.3541053646572865,2,4,0.0526091655095418,0.0235720351338386,0.3954997956752777,0.1262631316979726,0.3681247135003407,0.0339311944941679,False,glacier_sea,1.8898065600922238,157
5091,/home/h3r0-k1ll3r/Downloads/hackBlox/Round02/data/train/undefined/pool_bd58b1.jpg,pool_bd58b1.jpg,2,0.4528541564941406,2,0.4368231296539306,4,0.4055967628955841,False,-1,0.4055967628955841,0.4317580163478851,0.0253936350345611,1.3483667408950732,2,4,0.0450053388873736,0.0198235378290216,0.4011081556479136,0.0984214643637339,0.3757145206133525,0.0599269866943359,False,glacier_sea,1.8892738412477854,158
5163,/home/h3r0-k1ll3r/Downloads/hackBlox/Round02/data/train/undefined/pool_c0690f.jpg,pool_c0690f.jpg,2,0.4220560491085052,2,0.4465828537940979,4,0.3669942021369934,False,-1,0.3669942021369934,0.4118777016798655,0.0475680828094482,1.389950978665073,2,4,0.037391763801376,0.0285886023193597,0.3911424378554026,0.151526927947998,0.3435743550459544,0.047775932898124,False,glacier_sea,1.888444443913853,159
2674,/home/h3r0-k1ll3r/Downloads/hackBlox/Round02/data/train/undefined/pool_573c5e.jpg,pool_573c5e.jpg,2,0.4003722071647644,2,0.4623501896858215,3,0.574397087097168,False,-1,0.4003722071647644,0.4790398279825846,0.0215883056322733,1.337571772713117,2,3,0.0256618248919645,0.0213868375867605,0.3684076567490895,0.3468193511168162,0.2104605808854103,0.0272637549787759,False,glacier_mountain,1.888318548434571,160
5770,/home/h3r0-k1ll3r/Downloads/hackBlox/Round02/data/train/undefined/pool_db751a.jpg,pool_db751a.jpg,0,0.3671492338180542,0,0.4232177436351776,5,0.4555140435695648,False,-1,0.3671492338180542,0.4152936736742655,0.090570829808712,1.4746444045413916,5,0,0.2892067308227221,0.1876602495710055,0.0437006279826164,0.0412016510963439,0.05845316623648,0.3797775606314341,False,buildings_street,1.8880508234771902,161
1389,/home/h3r0-k1ll3r/Downloads/hackBlox/Round02/data/train/undefined/pool_21de3e.jpg,pool_21de3e.jpg,2,0.3949533998966217,2,0.468973308801651,3,0.4222310483455658,False,-1,0.3949533998966217,0.4287192523479461,0.0413376887639364,1.3736809234679042,2,3,0.0377000731726487,0.0237131988008817,0.370537410179774,0.3291997214158376,0.211145078142484,0.0277045468489329,False,glacier_mountain,1.8873016637820093,162
4170,/home/h3r0-k1ll3r/Downloads/hackBlox/Round02/data/train/undefined/pool_95b695.jpg,pool_95b695.jpg,4,0.4509251713752746,2,0.4100611209869385,2,0.4101023077964782,False,-1,0.4100611209869385,0.4236962000528971,0.0368424157301585,1.361609216971027,4,2,0.0604842541118462,0.0209695336719353,0.3597539663314819,0.1296681736906369,0.3965963820616404,0.0325277062753836,False,glacier_sea,1.886377315653213,163
5799,/home/h3r0-k1ll3r/Downloads/hackBlox/Round02/data/train/undefined/pool_dc7794.jpg,pool_dc7794.jpg,1,0.2480835020542144,3,0.4218880236148834,3,0.4876067042350769,False,-1,0.2480835020542144,0.3858594099680583,0.1835030615329742,1.6539909927880885,3,2,0.0890847817063331,0.1411415860056877,0.1831760207811991,0.3666790823141734,0.1250244627396265,0.0948940788706143,False,glacier_mountain,1.8860954609166418,164
3751,/home/h3r0-k1ll3r/Downloads/hackBlox/Round02/data/train/undefined/pool_830a1c.jpg,pool_830a1c.jpg,4,0.3346419632434845,2,0.4634951651096344,4,0.3840697109699249,False,-1,0.3346419632434845,0.3940689464410146,0.0230796833833058,1.3319659582136096,4,2,0.0250861290842294,0.0169060491025447,0.3215678731600443,0.2693325976530711,0.3446475565433502,0.0224598174293835,False,glacier_sea,1.8857419774340993,165
3798,/home/h3r0-k1ll3r/Downloads/hackBlox/Round02/data/train/undefined/pool_853f34.jpg,pool_853f34.jpg,0,0.4308342337608337,0,0.5123600363731384,5,0.6169813275337219,False,-1,0.4308342337608337,0.5200585325558981,0.0106166352828344,1.3060887906450471,5,0,0.3966512431701024,0.03956908856829,0.0392260855684677,0.0305574027200539,0.0867282288769881,0.4072678784529368,False,buildings_street,1.8854566560238135,166
871,/home/h3r0-k1ll3r/Downloads/hackBlox/Round02/data/train/undefined/pool_0bd938.jpg,pool_0bd938.jpg,3,0.5047050714492798,3,0.3274524807929992,2,0.3577655553817749,False,-1,0.3274524807929992,0.3966410358746846,0.1324267437060673,1.5496529586283962,3,2,0.0785347906251748,0.145508254567782,0.2549752841393153,0.3874020278453827,0.0895831771194934,0.0439964483181635,False,glacier_mountain,1.8854398413648785,167
5531,/home/h3r0-k1ll3r/Downloads/hackBlox/Round02/data/train/undefined/pool_d13aa5.jpg,pool_d13aa5.jpg,5,0.3906015753746032,0,0.3944665491580963,5,0.5015274286270142,False,-1,0.3906015753746032,0.4288651843865712,0.1202264626820882,1.5244340108934114,5,0,0.2721999784310658,0.037294864654541,0.1057927285631497,0.0695502124726772,0.1227357760071754,0.3924264411131541,False,buildings_street,1.8851943256587704,168
2444,/home/h3r0-k1ll3r/Downloads/hackBlox/Round02/data/train/undefined/pool_4d71c7.jpg,pool_4d71c7.jpg,2,0.4164368510246277,2,0.4139862358570099,4,0.4570468068122864,False,-1,0.4139862358570099,0.429156631231308,0.0424563884735107,1.3682796775026875,4,2,0.0561137565722068,0.0227656954278548,0.3581475516160329,0.1219120820363362,0.4006039400895436,0.0404570220659176,False,glacier_sea,1.8850100701666999,169
1706,/home/h3r0-k1ll3r/Downloads/hackBlox/Round02/data/train/undefined/pool_2fc11a.jpg,pool_2fc11a.jpg,4,0.4262883961200714,2,0.3634135723114013,2,0.5008782744407654,False,-1,0.3634135723114013,0.430193414290746,0.0774963150421778,1.4378224667492563,2,4,0.0630094061295191,0.0285464264452457,0.4038823048273722,0.0947014316916465,0.3263859897851944,0.0834744535386562,False,glacier_sea,1.8848489509994701,170
4034,/home/h3r0-k1ll3r/Downloads/hackBlox/Round02/data/train/undefined/pool_8fab8a.jpg,pool_8fab8a.jpg,2,0.4119387567043304,2,0.3841773867607116,3,0.4459536671638489,False,-1,0.3841773867607116,0.4140232702096303,0.0319095154603322,1.3465649958949495,2,3,0.0278211596111456,0.0208759376158316,0.3675507803757985,0.3356412649154663,0.220806876818339,0.0273039732128381,False,glacier_mountain,1.8848237894922855,171
4872,/home/h3r0-k1ll3r/Downloads/hackBlox/Round02/data/train/undefined/pool_b3b7f6.jpg,pool_b3b7f6.jpg,4,0.5166564583778381,2,0.4730583727359772,2,0.4434760212898254,False,-1,0.4434760212898254,0.4777302841345469,0.0310560564200083,1.3362303739150048,2,4,0.0522803676625092,0.0175491285820802,0.3978420992692311,0.1353067830204963,0.3667860428492228,0.030235581099987,False,glacier_sea,1.8822354783224964,172
3728,/home/h3r0-k1ll3r/Downloads/hackBlox/Round02/data/train/undefined/pool_81e596.jpg,pool_81e596.jpg,2,0.4354173243045807,4,0.4304908812046051,4,0.5058773756027222,False,-1,0.4304908812046051,0.457261860370636,0.0980200668176015,1.4670420867646072,4,2,0.0736806392669677,0.0246140137314796,0.2755818516016006,0.2108279416958491,0.3736019184192021,0.0416936675707499,False,glacier_sea,1.8813005859388214,173
6053,/home/h3r0-k1ll3r/Downloads/hackBlox/Round02/data/train/undefined/pool_e85f1e.jpg,pool_e85f1e.jpg,3,0.5421391725540161,2,0.4011313617229461,3,0.3823540210723877,False,-1,0.3823540210723877,0.4418748517831166,0.0897154708703358,1.430649484263149,3,2,0.0338408493747313,0.0313102689882119,0.2917657494544983,0.3814812203248341,0.2100817660490671,0.0515201712648073,False,glacier_mountain,1.8753655627567432,174
2627,/home/h3r0-k1ll3r/Downloads/hackBlox/Round02/data/train/undefined/pool_55438b.jpg,pool_55438b.jpg,2,0.3840999603271484,2,0.5387508869171143,3,0.5085760951042175,False,-1,0.3840999603271484,0.4771423141161601,0.0433035790920257,1.3351033963310508,2,3,0.0437578552712996,0.0555135471125443,0.4174044728279114,0.3741008937358856,0.080125148097674,0.0290980668117602,False,glacier_mountain,1.8745488714440997,175
6096,/home/h3r0-k1ll3r/Downloads/hackBlox/Round02/data/train/undefined/pool_ea7b48.jpg,pool_ea7b48.jpg,4,0.3395576179027557,2,0.4015141129493713,2,0.4270950853824615,False,-1,0.3395576179027557,0.3893889387448628,0.0401361932357152,1.3129836002481985,2,3,0.0294158558050791,0.0178927540158232,0.3857088387012481,0.3455726454655329,0.2006927654147148,0.0207171222815911,False,glacier_mountain,1.8698133641330306,176
5686,/home/h3r0-k1ll3r/Downloads/hackBlox/Round02/data/train/undefined/pool_d7a2f4.jpg,pool_d7a2f4.jpg,3,0.5898919701576233,2,0.4334784746170044,2,0.4193382263183594,False,-1,0.4193382263183594,0.480902890364329,0.0843984435002009,1.3903804380700489,3,2,0.0372465923428535,0.1055818522969881,0.3339826315641403,0.4183810750643412,0.0742917011181513,0.030516181141138,False,glacier_mountain,1.8664750653208944,177
4657,/home/h3r0-k1ll3r/Downloads/hackBlox/Round02/data/train/undefined/pool_aa48d9.jpg,pool_aa48d9.jpg,3,0.4315950274467468,2,0.5382770299911499,2,0.3972345292568207,False,-1,0.3972345292568207,0.4557021955649058,0.0885542531808217,1.3943758448738697,2,3,0.0398829964299996,0.0299049069484074,0.4061671396096547,0.317612886428833,0.1639113575220108,0.0425207012643416,False,glacier_mountain,1.865180201553668,178
3352,/home/h3r0-k1ll3r/Downloads/hackBlox/Round02/data/train/undefined/pool_72d495.jpg,pool_72d495.jpg,2,0.4615338742733001,3,0.5148613452911377,3,0.4559928774833679,False,-1,0.4559928774833679,0.4774626990159352,0.0562120079994201,1.3289114752197182,3,2,0.0343829945971568,0.0265166002015272,0.3580562074979146,0.4142682154973348,0.1321037262678146,0.0346722571800152,False,glacier_mountain,1.8649462377662633,179
5678,/home/h3r0-k1ll3r/Downloads/hackBlox/Round02/data/train/undefined/pool_d756c5.jpg,pool_d756c5.jpg,3,0.6624314785003662,2,0.5249013304710388,3,0.438131183385849,False,-1,0.438131183385849,0.5418213307857513,0.0486377378304799,1.308070199163586,3,2,0.0253679479161898,0.0242352883021036,0.3553748428821563,0.4040125807126363,0.1657146190603574,0.0252947391321261,False,glacier_mountain,1.8632384170507879,180
