id,image,label,label_name,pair_type,weight,source,reviewed_by,timestamp
606,/home/h3r0-k1ll3r/Downloads/hackBlox/Round02/data/train/undefined/pool_0032e0.jpg,0,buildings,buildings_street,1.0,human_reviewed,expert_human,2026-09-05T18:16:00.277581
635,/home/h3r0-k1ll3r/Downloads/hackBlox/Round02/data/train/undefined/pool_017dd8.jpg,3,mountain,glacier_mountain,1.0,human_reviewed,expert_human,2026-09-05T18:20:27.773169
647,/home/h3r0-k1ll3r/Downloads/hackBlox/Round02/data/train/undefined/pool_022c36.jpg,2,glacier,glacier_sea,1.0,human_reviewed,expert_human,2026-09-05T18:19:38.341183
654,/home/h3r0-k1ll3r/Downloads/hackBlox/Round02/data/train/undefined/pool_02b43d.jpg,3,mountain,glacier_sea,1.0,human_reviewed,expert_human,2026-09-05T18:18:48.977461
658,/home/h3r0-k1ll3r/Downloads/hackBlox/Round02/data/train/undefined/pool_02dd54.jpg,3,mountain,buildings_street,1.0,human_reviewed,expert_human,2026-09-05T17:18:10.581937
678,/home/h3r0-k1ll3r/Downloads/hackBlox/Round02/data/train/undefined/pool_042a5f.jpg,0,buildings,buildings_street,1.0,human_reviewed,expert_human,2026-09-05T18:22:28.353413
681,/home/h3r0-k1ll3r/Downloads/hackBlox/Round02/data/train/undefined/pool_045b6a.jpg,2,glacier,glacier_mountain,1.0,human_reviewed,expert_human,2026-09-05T18:21:07.933255
747,/home/h3r0-k1ll3r/Downloads/hackBlox/Round02/data/train/undefined/pool_06dec0.jpg,1,forest,buildings_street,1.0,human_reviewed,expert_human,2026-09-05T17:18:31.137881
807,/home/h3r0-k1ll3r/Downloads/hackBlox/Round02/data/train/undefined/pool_093ee9.jpg,4,sea,glacier_mountain,1.0,human_reviewed,expert_human,2026-09-05T18:15:37.121592
853,/home/h3r0-k1ll3r/Downloads/hackBlox/Round02/data/train/undefined/pool_0b3a63.jpg,3,mountain,buildings_street,1.0,human_reviewed,expert_human,2026-09-05T18:21:14.320796
857,/home/h3r0-k1ll3r/Downloads/hackBlox/Round02/data/train/undefined/pool_0b5bc3.jpg,2,glacier,glacier_sea,1.0,human_reviewed,expert_human,2026-09-05T18:21:57.848890
871,/home/h3r0-k1ll3r/Downloads/hackBlox/Round02/data/train/undefined/pool_0bd938.jpg,3,mountain,glacier_mountain,1.0,human_reviewed,expert_human,2026-09-05T18:25:10.044759
890,/home/h3r0-k1ll3r/Downloads/hackBlox/Round02/data/train/undefined/pool_0ca478.jpg,2,glacier,glacier_sea,1.0,human_reviewed,expert_human,2026-09-05T18:22:37.556950
983,/home/h3r0-k1ll3r/Downloads/hackBlox/Round02/data/train/undefined/pool_10aa60.jpg,4,sea,glacier_mountain,1.0,human_reviewed,expert_human,2026-09-05T17:18:19.190102
1040,/home/h3r0-k1ll3r/Downloads/hackBlox/Round02/data/train/undefined/pool_12be42.jpg,2,glacier,glacier_sea,1.0,human_reviewed,expert_human,2026-09-05T17:18:13.638100
1078,/home/h3r0-k1ll3r/Downloads/hackBlox/Round02/data/train/undefined/pool_14385d.jpg,2,glacier,glacier_sea,1.0,human_reviewed,expert_human,2026-09-05T18:15:29.349726
1098,/home/h3r0-k1ll3r/Downloads/hackBlox/Round02/data/train/undefined/pool_153044.jpg,4,sea,buildings_street,1.0,human_reviewed,expert_human,2026-09-05T18:19:56.341175
1102,/home/h3r0-k1ll3r/Downloads/hackBlox/Round02/data/train/undefined/pool_1586ba.jpg,2,glacier,glacier_mountain,1.0,human_reviewed,expert_human,2026-09-05T18:20:03.085210
1261,/home/h3r0-k1ll3r/Downloads/hackBlox/Round02/data/train/undefined/pool_1cbb13.jpg,2,glacier,glacier_mountain,1.0,human_reviewed,expert_human,2026-09-05T18:23:01.156827
1276,/home/h3r0-k1ll3r/Downloads/hackBlox/Round02/data/train/undefined/pool_1d34b4.jpg,0,buildings,glacier_mountain,1.0,human_reviewed,expert_human,2026-09-05T18:22:35.517052
1285,/home/h3r0-k1ll3r/Downloads/hackBlox/Round02/data/train/undefined/pool_1de796.jpg,0,buildings,buildings_street,1.0,human_reviewed,expert_human,2026-09-05T18:19:17.033231
1341,/home/h3r0-k1ll3r/Downloads/hackBlox/Round02/data/train/undefined/pool_1fd0ae.jpg,5,street,buildings_street,1.0,human_reviewed,expert_human,2026-09-05T18:20:14.221249
1345,/home/h3r0-k1ll3r/Downloads/hackBlox/Round02/data/train/undefined/pool_1fe81e.jpg,5,street,buildings_street,1.0,human_reviewed,expert_human,2026-09-05T17:18:59.258174
1389,/home/h3r0-k1ll3r/Downloads/hackBlox/Round02/data/train/undefined/pool_21de3e.jpg,2,glacier,glacier_mountain,1.0,human_reviewed,expert_human,2026-09-05T18:24:54.100807
1407,/home/h3r0-k1ll3r/Downloads/hackBlox/Round02/data/train/undefined/pool_22686c.jpg,4,sea,glacier_sea,1.0,human_reviewed,expert_human,2026-09-05T18:15:53.237851
1504,/home/h3r0-k1ll3r/Downloads/hackBlox/Round02/data/train/undefined/pool_26cc9a.jpg,5,street,glacier_mountain,1.0,human_reviewed,expert_human,2026-09-05T18:22:27.161102
1553,/home/h3r0-k1ll3r/Downloads/hackBlox/Round02/data/train/undefined/pool_293c5a.jpg,0,buildings,buildings_street,1.0,human_reviewed,expert_human,2026-09-05T18:19:24.845278
1554,/home/h3r0-k1ll3r/Downloads/hackBlox/Round02/data/train/undefined/pool_2945ce.jpg,3,mountain,forest_mountain,1.0,human_reviewed,expert_human,2026-09-05T18:18:36.545409
1706,/home/h3r0-k1ll3r/Downloads/hackBlox/Round02/data/train/undefined/pool_2fc11a.jpg,4,sea,glacier_sea,1.0,human_reviewed,expert_human,2026-09-05T18:25:15.340764
1717,/home/h3r0-k1ll3r/Downloads/hackBlox/Round02/data/train/undefined/pool_303ffc.jpg,3,mountain,forest_mountain,1.0,human_reviewed,expert_human,2026-09-05T17:18:08.761858
1727,/home/h3r0-k1ll3r/Downloads/hackBlox/Round02/data/train/undefined/pool_3097bb.jpg,2,glacier,glacier_sea,1.0,human_reviewed,expert_human,2026-09-05T18:24:11.676781
1852,/home/h3r0-k1ll3r/Downloads/hackBlox/Round02/data/train/undefined/pool_353dbb.jpg,0,buildings,buildings_street,1.0,human_reviewed,expert_human,2026-09-05T18:16:26.029560
1853,/home/h3r0-k1ll3r/Downloads/hackBlox/Round02/data/train/undefined/pool_353e4e.jpg,3,mountain,glacier_mountain,1.0,human_reviewed,expert_human,2026-09-05T18:23:23.424440
1854,/home/h3r0-k1ll3r/Downloads/hackBlox/Round02/data/train/undefined/pool_3546da.jpg,3,mountain,glacier_mountain,1.0,human_reviewed,expert_human,2026-09-05T18:19:35.280959
1858,/home/h3r0-k1ll3r/Downloads/hackBlox/Round02/data/train/undefined/pool_3574de.jpg,0,buildings,buildings_street,1.0,human_reviewed,expert_human,2026-09-05T18:23:16.252684
1875,/home/h3r0-k1ll3r/Downloads/hackBlox/Round02/data/train/undefined/pool_35fd72.jpg,5,street,buildings_street,1.0,human_reviewed,expert_human,2026-09-05T18:16:23.557366
1946,/home/h3r0-k1ll3r/Downloads/hackBlox/Round02/data/train/undefined/pool_38eb75.jpg,5,street,buildings_street,1.0,human_reviewed,expert_human,2026-09-05T18:16:21.469536
1961,/home/h3r0-k1ll3r/Downloads/hackBlox/Round02/data/train/undefined/pool_39a3d8.jpg,3,mountain,glacier_mountain,1.0,human_reviewed,expert_human,2026-09-05T18:19:00.045176
2047,/home/h3r0-k1ll3r/Downloads/hackBlox/Round02/data/train/undefined/pool_3d0827.jpg,4,sea,buildings_street,1.0,human_reviewed,expert_human,2026-09-05T18:22:01.109179
2060,/home/h3r0-k1ll3r/Downloads/hackBlox/Round02/data/train/undefined/pool_3d7ab2.jpg,4,sea,glacier_mountain,1.0,human_reviewed,expert_human,2026-09-05T18:23:20.001118
2105,/home/h3r0-k1ll3r/Downloads/hackBlox/Round02/data/train/undefined/pool_3f2df9.jpg,4,sea,buildings_street,1.0,human_reviewed,expert_human,2026-09-05T18:21:34.365333
2110,/home/h3r0-k1ll3r/Downloads/hackBlox/Round02/data/train/undefined/pool_3f732f.jpg,3,mountain,glacier_mountain,1.0,human_reviewed,expert_human,2026-09-05T18:21:08.933136
2144,/home/h3r0-k1ll3r/Downloads/hackBlox/Round02/data/train/undefined/pool_40aa71.jpg,2,glacier,glacier_mountain,1.0,human_reviewed,expert_human,2026-09-05T18:22:08.645216
2174,/home/h3r0-k1ll3r/Downloads/hackBlox/Round02/data/train/undefined/pool_423f9d.jpg,3,mountain,glacier_sea,1.0,human_reviewed,expert_human,2026-09-05T18:18:24.429299
2197,/home/h3r0-k1ll3r/Downloads/hackBlox/Round02/data/train/undefined/pool_434c16.jpg,2,glacier,glacier_mountain,1.0,human_reviewed,expert_human,2026-09-05T18:23:15.028825
2231,/home/h3r0-k1ll3r/Downloads/hackBlox/Round02/data/train/undefined/pool_4475ae.jpg,3,mountain,glacier_mountain,1.0,human_reviewed,expert_human,2026-09-05T18:22:55.800833
2256,/home/h3r0-k1ll3r/Downloads/hackBlox/Round02/data/train/undefined/pool_456bd0.jpg,3,mountain,glacier_mountain,1.0,human_reviewed,expert_human,2026-09-05T18:19:43.209188
2263,/home/h3r0-k1ll3r/Downloads/hackBlox/Round02/data/train/undefined/pool_45c9af.jpg,3,mountain,glacier_mountain,1.0,human_reviewed,expert_human,2026-09-05T18:16:30.945171
2286,/home/h3r0-k1ll3r/Downloads/hackBlox/Round02/data/train/undefined/pool_46f7da.jpg,1,forest,buildings_street,1.0,human_reviewed,expert_human,2026-09-05T18:23:56.928772
2306,/home/h3r0-k1ll3r/Downloads/hackBlox/Round02/data/train/undefined/pool_47cbf6.jpg,2,glacier,glacier_sea,1.0,human_reviewed,expert_human,2026-09-05T18:21:35.749072
2402,/home/h3r0-k1ll3r/Downloads/hackBlox/Round02/data/train/undefined/pool_4c09f2.jpg,4,sea,buildings_street,1.0,human_reviewed,expert_human,2026-09-05T18:18:47.137438
2415,/home/h3r0-k1ll3r/Downloads/hackBlox/Round02/data/train/undefined/pool_4c3fd9.jpg,0,buildings,glacier_mountain,1.0,human_reviewed,expert_human,2026-09-05T17:19:13.486103
2444,/home/h3r0-k1ll3r/Downloads/hackBlox/Round02/data/train/undefined/pool_4d71c7.jpg,4,sea,glacier_sea,1.0,human_reviewed,expert_human,2026-09-05T18:25:14.612911
2462,/home/h3r0-k1ll3r/Downloads/hackBlox/Round02/data/train/undefined/pool_4e1e1c.jpg,3,mountain,buildings_street,1.0,human_reviewed,expert_human,2026-09-05T18:16:55.717475
2497,/home/h3r0-k1ll3r/Downloads/hackBlox/Round02/data/train/undefined/pool_5023d2.jpg,0,buildings,buildings_street,1.0,human_reviewed,expert_human,2026-09-05T18:16:45.485188
2520,/home/h3r0-k1ll3r/Downloads/hackBlox/Round02/data/train/undefined/pool_50fbad.jpg,3,mountain,forest_mountain,1.0,human_reviewed,expert_human,2026-09-05T18:18:30.197463
2529,/home/h3r0-k1ll3r/Downloads/hackBlox/Round02/data/train/undefined/pool_513811.jpg,3,mountain,glacier_mountain,1.0,human_reviewed,expert_human,2026-09-05T17:18:46.006571
2563,/home/h3r0-k1ll3r/Downloads/hackBlox/Round02/data/train/undefined/pool_52c62d.jpg,0,buildings,buildings_street,1.0,human_reviewed,expert_human,2026-09-05T18:21:03.021234
2583,/home/h3r0-k1ll3r/Downloads/hackBlox/Round02/data/train/undefined/pool_53901b.jpg,3,mountain,glacier_mountain,1.0,human_reviewed,expert_human,2026-09-05T18:18:58.005108
2622,/home/h3r0-k1ll3r/Downloads/hackBlox/Round02/data/train/undefined/pool_55274d.jpg,3,mountain,glacier_mountain,1.0,human_reviewed,expert_human,2026-09-05T18:19:42.385313
2627,/home/h3r0-k1ll3r/Downloads/hackBlox/Round02/data/train/undefined/pool_55438b.jpg,2,glacier,glacier_mountain,1.0,human_reviewed,expert_human,2026-09-05T18:25:26.224608
2663,/home/h3r0-k1ll3r/Downloads/hackBlox/Round02/data/train/undefined/pool_56b498.jpg,0,buildings,buildings_street,1.0,human_reviewed,expert_human,2026-09-05T18:24:32.717047
2674,/home/h3r0-k1ll3r/Downloads/hackBlox/Round02/data/train/undefined/pool_573c5e.jpg,3,mountain,glacier_mountain,1.0,human_reviewed,expert_human,2026-09-05T18:24:50.832894
2699,/home/h3r0-k1ll3r/Downloads/hackBlox/Round02/data/train/undefined/pool_58531a.jpg,2,glacier,glacier_sea,1.0,human_reviewed,expert_human,2026-09-05T18:19:12.305094
2701,/home/h3r0-k1ll3r/Downloads/hackBlox/Round02/data/train/undefined/pool_5892b5.jpg,3,mountain,buildings_street,1.0,human_reviewed,expert_human,2026-09-05T18:19:00.917061
2781,/home/h3r0-k1ll3r/Downloads/hackBlox/Round02/data/train/undefined/pool_5bcf18.jpg,5,street,forest_mountain,1.0,human_reviewed,expert_human,2026-09-05T18:19:05.125217
2802,/home/h3r0-k1ll3r/Downloads/hackBlox/Round02/data/train/undefined/pool_5cae1b.jpg,5,street,buildings_street,1.0,human_reviewed,expert_human,2026-09-05T18:22:17.105288
2846,/home/h3r0-k1ll3r/Downloads/hackBlox/Round02/data/train/undefined/pool_5e473d.jpg,5,street,buildings_street,1.0,human_reviewed,expert_human,2026-09-05T18:20:05.901252
2903,/home/h3r0-k1ll3r/Downloads/hackBlox/Round02/data/train/undefined/pool_60de7a.jpg,0,buildings,buildings_street,1.0,human_reviewed,expert_human,2026-09-05T18:23:07.349014
2959,/home/h3r0-k1ll3r/Downloads/hackBlox/Round02/data/train/undefined/pool_62917f.jpg,5,street,buildings_street,1.0,human_reviewed,expert_human,2026-09-05T18:15:19.405615
2985,/home/h3r0-k1ll3r/Downloads/hackBlox/Round02/data/train/undefined/pool_63ad99.jpg,3,mountain,glacier_sea,1.0,human_reviewed,expert_human,2026-09-05T18:23:13.757111
3006,/home/h3r0-k1ll3r/Downloads/hackBlox/Round02/data/train/undefined/pool_646aea.jpg,3,mountain,forest_mountain,1.0,human_reviewed,expert_human,2026-09-05T18:18:35.301533
3034,/home/h3r0-k1ll3r/Downloads/hackBlox/Round02/data/train/undefined/pool_6583d6.jpg,2,glacier,glacier_sea,1.0,human_reviewed,expert_human,2026-09-05T18:20:45.529254
3083,/home/h3r0-k1ll3r/Downloads/hackBlox/Round02/data/train/undefined/pool_67d85e.jpg,3,mountain,glacier_mountain,1.0,human_reviewed,expert_human,2026-09-05T18:22:54.744983
3109,/home/h3r0-k1ll3r/Downloads/hackBlox/Round02/data/train/undefined/pool_68b194.jpg,3,mountain,buildings_street,1.0,human_reviewed,expert_human,2026-09-05T18:19:52.129221
3114,/home/h3r0-k1ll3r/Downloads/hackBlox/Round02/data/train/undefined/pool_68d63d.jpg,2,glacier,glacier_mountain,1.0,human_reviewed,expert_human,2026-09-05T18:20:49.256742
3149,/home/h3r0-k1ll3r/Downloads/hackBlox/Round02/data/train/undefined/pool_6a3a79.jpg,4,sea,buildings_street,1.0,human_reviewed,expert_human,2026-09-05T18:21:37.293023
3163,/home/h3r0-k1ll3r/Downloads/hackBlox/Round02/data/train/undefined/pool_6aabf4.jpg,1,forest,buildings_street,1.0,human_reviewed,expert_human,2026-09-05T18:17:35.745739
3223,/home/h3r0-k1ll3r/Downloads/hackBlox/Round02/data/train/undefined/pool_6d390d.jpg,2,glacier,glacier_mountain,1.0,human_reviewed,expert_human,2026-09-05T18:17:09.473635
3263,/home/h3r0-k1ll3r/Downloads/hackBlox/Round02/data/train/undefined/pool_6ec2b6.jpg,2,glacier,glacier_sea,1.0,human_reviewed,expert_human,2026-09-05T18:19:14.953037
3266,/home/h3r0-k1ll3r/Downloads/hackBlox/Round02/data/train/undefined/pool_6ed9a2.jpg,3,mountain,glacier_mountain,1.0,human_reviewed,expert_human,2026-09-05T18:16:39.809447
3306,/home/h3r0-k1ll3r/Downloads/hackBlox/Round02/data/train/undefined/pool_70c77f.jpg,3,mountain,glacier_sea,1.0,human_reviewed,expert_human,2026-09-05T18:19:07.969066
3352,/home/h3r0-k1ll3r/Downloads/hackBlox/Round02/data/train/undefined/pool_72d495.jpg,3,mountain,glacier_mountain,1.0,human_reviewed,expert_human,2026-09-05T18:25:45.060897
3399,/home/h3r0-k1ll3r/Downloads/hackBlox/Round02/data/train/undefined/pool_749ef5.jpg,5,street,buildings_street,1.0,human_reviewed,expert_human,2026-09-05T18:20:32.181304
3464,/home/h3r0-k1ll3r/Downloads/hackBlox/Round02/data/train/undefined/pool_77b318.jpg,4,sea,glacier_mountain,1.0,human_reviewed,expert_human,2026-09-05T18:18:53.109192
3511,/home/h3r0-k1ll3r/Downloads/hackBlox/Round02/data/train/undefined/pool_799aed.jpg,2,glacier,glacier_mountain,1.0,human_reviewed,expert_human,2026-09-05T18:17:20.021470
3515,/home/h3r0-k1ll3r/Downloads/hackBlox/Round02/data/train/undefined/pool_79b407.jpg,2,glacier,glacier_mountain,1.0,human_reviewed,expert_human,2026-09-05T18:17:39.073571
3549,/home/h3r0-k1ll3r/Downloads/hackBlox/Round02/data/train/undefined/pool_7adf39.jpg,3,mountain,glacier_mountain,1.0,human_reviewed,expert_human,2026-09-05T18:22:07.197194
3610,/home/h3r0-k1ll3r/Downloads/hackBlox/Round02/data/train/undefined/pool_7db3a0.jpg,3,mountain,glacier_mountain,1.0,human_reviewed,expert_human,2026-09-05T18:21:16.977219
3628,/home/h3r0-k1ll3r/Downloads/hackBlox/Round02/data/train/undefined/pool_7e5a51.jpg,0,buildings,buildings_street,1.0,human_reviewed,expert_human,2026-09-05T18:23:10.548988
3728,/home/h3r0-k1ll3r/Downloads/hackBlox/Round02/data/train/undefined/pool_81e596.jpg,4,sea,glacier_sea,1.0,human_reviewed,expert_human,2026-09-05T18:25:21.528809
3751,/home/h3r0-k1ll3r/Downloads/hackBlox/Round02/data/train/undefined/pool_830a1c.jpg,4,sea,glacier_sea,1.0,human_reviewed,expert_human,2026-09-05T18:25:02.841033
3762,/home/h3r0-k1ll3r/Downloads/hackBlox/Round02/data/train/undefined/pool_83a893.jpg,3,mountain,glacier_sea,1.0,human_reviewed,expert_human,2026-09-05T18:18:59.017304
3778,/home/h3r0-k1ll3r/Downloads/hackBlox/Round02/data/train/undefined/pool_84330f.jpg,2,glacier,glacier_mountain,1.0,human_reviewed,expert_human,2026-09-05T18:24:08.164759
3798,/home/h3r0-k1ll3r/Downloads/hackBlox/Round02/data/train/undefined/pool_853f34.jpg,5,street,buildings_street,1.0,human_reviewed,expert_human,2026-09-05T18:25:06.853006
3818,/home/h3r0-k1ll3r/Downloads/hackBlox/Round02/data/train/undefined/pool_85bb64.jpg,3,mountain,glacier_mountain,1.0,human_reviewed,expert_human,2026-09-05T17:19:03.393860
3845,/home/h3r0-k1ll3r/Downloads/hackBlox/Round02/data/train/undefined/pool_8706b3.jpg,2,glacier,buildings_street,1.0,human_reviewed,expert_human,2026-09-05T18:17:11.345344
3872,/home/h3r0-k1ll3r/Downloads/hackBlox/Round02/data/train/undefined/pool_884109.jpg,3,mountain,glacier_sea,1.0,human_reviewed,expert_human,2026-09-05T18:21:06.596830
3959,/home/h3r0-k1ll3r/Downloads/hackBlox/Round02/data/train/undefined/pool_8c747e.jpg,2,glacier,buildings_street,1.0,human_reviewed,expert_human,2026-09-05T17:18:40.661997
3984,/home/h3r0-k1ll3r/Downloads/hackBlox/Round02/data/train/undefined/pool_8d6720.jpg,0,buildings,buildings_street,1.0,human_reviewed,expert_human,2026-09-05T18:21:39.841099
3997,/home/h3r0-k1ll3r/Downloads/hackBlox/Round02/data/train/undefined/pool_8dd68d.jpg,1,forest,forest_mountain,1.0,human_reviewed,expert_human,2026-09-05T18:24:36.516880
4012,/home/h3r0-k1ll3r/Downloads/hackBlox/Round02/data/train/undefined/pool_8eab7f.jpg,2,glacier,glacier_sea,1.0,human_reviewed,expert_human,2026-09-05T17:18:43.630028
4029,/home/h3r0-k1ll3r/Downloads/hackBlox/Round02/data/train/undefined/pool_8f87f4.jpg,3,mountain,forest_mountain,1.0,human_reviewed,expert_human,2026-09-05T18:23:06.265192
4034,/home/h3r0-k1ll3r/Downloads/hackBlox/Round02/data/train/undefined/pool_8fab8a.jpg,4,sea,glacier_mountain,1.0,human_reviewed,expert_human,2026-09-05T18:25:16.244859
4084,/home/h3r0-k1ll3r/Downloads/hackBlox/Round02/data/train/undefined/pool_921e1e.jpg,5,street,glacier_sea,1.0,human_reviewed,expert_human,2026-09-05T18:20:08.951052
4129,/home/h3r0-k1ll3r/Downloads/hackBlox/Round02/data/train/undefined/pool_944b09.jpg,3,mountain,buildings_street,1.0,human_reviewed,expert_human,2026-09-05T18:19:45.169496
4136,/home/h3r0-k1ll3r/Downloads/hackBlox/Round02/data/train/undefined/pool_94888a.jpg,0,buildings,buildings_street,1.0,human_reviewed,expert_human,2026-09-05T17:18:36.498256
4144,/home/h3r0-k1ll3r/Downloads/hackBlox/Round02/data/train/undefined/pool_94d7e4.jpg,0,buildings,forest_mountain,1.0,human_reviewed,expert_human,2026-09-05T18:20:24.593010
4170,/home/h3r0-k1ll3r/Downloads/hackBlox/Round02/data/train/undefined/pool_95b695.jpg,4,sea,glacier_sea,1.0,human_reviewed,expert_human,2026-09-05T18:24:56.400351
4235,/home/h3r0-k1ll3r/Downloads/hackBlox/Round02/data/train/undefined/pool_98a055.jpg,3,mountain,glacier_mountain,1.0,human_reviewed,expert_human,2026-09-05T18:19:44.417196
4310,/home/h3r0-k1ll3r/Downloads/hackBlox/Round02/data/train/undefined/pool_9bfe2e.jpg,3,mountain,glacier_sea,1.0,human_reviewed,expert_human,2026-09-05T18:22:40.276899
4322,/home/h3r0-k1ll3r/Downloads/hackBlox/Round02/data/train/undefined/pool_9c7fcc.jpg,2,glacier,glacier_sea,1.0,human_reviewed,expert_human,2026-09-05T18:18:27.997189
4350,/home/h3r0-k1ll3r/Downloads/hackBlox/Round02/data/train/undefined/pool_9e08b9.jpg,2,glacier,glacier_mountain,1.0,human_reviewed,expert_human,2026-09-05T18:23:11.500561
4407,/home/h3r0-k1ll3r/Downloads/hackBlox/Round02/data/train/undefined/pool_a09fb2.jpg,3,mountain,glacier_sea,1.0,human_reviewed,expert_human,2026-09-05T18:21:09.813040
4480,/home/h3r0-k1ll3r/Downloads/hackBlox/Round02/data/train/undefined/pool_a3e6b3.jpg,0,buildings,buildings_street,1.0,human_reviewed,expert_human,2026-09-05T18:16:44.505378
4560,/home/h3r0-k1ll3r/Downloads/hackBlox/Round02/data/train/undefined/pool_a6f139.jpg,2,glacier,glacier_sea,1.0,human_reviewed,expert_human,2026-09-05T18:16:51.269032
4571,/home/h3r0-k1ll3r/Downloads/hackBlox/Round02/data/train/undefined/pool_a74578.jpg,2,glacier,glacier_sea,1.0,human_reviewed,expert_human,2026-09-05T18:22:59.201069
4605,/home/h3r0-k1ll3r/Downloads/hackBlox/Round02/data/train/undefined/pool_a8bf74.jpg,0,buildings,buildings_street,1.0,human_reviewed,expert_human,2026-09-05T18:18:55.381286
4657,/home/h3r0-k1ll3r/Downloads/hackBlox/Round02/data/train/undefined/pool_aa48d9.jpg,3,mountain,glacier_mountain,1.0,human_reviewed,expert_human,2026-09-05T18:25:44.308850
4682,/home/h3r0-k1ll3r/Downloads/hackBlox/Round02/data/train/undefined/pool_ab2f2f.jpg,3,mountain,glacier_mountain,1.0,human_reviewed,expert_human,2026-09-05T18:24:27.252851
4707,/home/h3r0-k1ll3r/Downloads/hackBlox/Round02/data/train/undefined/pool_ac4f6f.jpg,4,sea,glacier_sea,1.0,human_reviewed,expert_human,2026-09-05T18:17:14.825462
4714,/home/h3r0-k1ll3r/Downloads/hackBlox/Round02/data/train/undefined/pool_ac97fc.jpg,0,buildings,buildings_street,1.0,human_reviewed,expert_human,2026-09-05T18:19:25.949105
4772,/home/h3r0-k1ll3r/Downloads/hackBlox/Round02/data/train/undefined/pool_af85ad.jpg,0,buildings,buildings_street,1.0,human_reviewed,expert_human,2026-09-05T18:23:08.389197
4838,/home/h3r0-k1ll3r/Downloads/hackBlox/Round02/data/train/undefined/pool_b229a3.jpg,2,glacier,glacier_sea,1.0,human_reviewed,expert_human,2026-09-05T18:16:15.585781
4847,/home/h3r0-k1ll3r/Downloads/hackBlox/Round02/data/train/undefined/pool_b29d02.jpg,5,street,glacier_sea,1.0,human_reviewed,expert_human,2026-09-05T17:18:04.714047
4872,/home/h3r0-k1ll3r/Downloads/hackBlox/Round02/data/train/undefined/pool_b3b7f6.jpg,2,glacier,glacier_sea,1.0,human_reviewed,expert_human,2026-09-05T18:25:20.516697
4917,/home/h3r0-k1ll3r/Downloads/hackBlox/Round02/data/train/undefined/pool_b54f28.jpg,2,glacier,glacier_sea,1.0,human_reviewed,expert_human,2026-09-05T18:21:52.744748
4977,/home/h3r0-k1ll3r/Downloads/hackBlox/Round02/data/train/undefined/pool_b7f006.jpg,2,glacier,glacier_mountain,1.0,human_reviewed,expert_human,2026-09-05T18:21:13.049088
5016,/home/h3r0-k1ll3r/Downloads/hackBlox/Round02/data/train/undefined/pool_b98fd9.jpg,2,glacier,glacier_mountain,1.0,human_reviewed,expert_human,2026-09-05T18:17:37.937272
5036,/home/h3r0-k1ll3r/Downloads/hackBlox/Round02/data/train/undefined/pool_baa581.jpg,3,mountain,glacier_mountain,1.0,human_reviewed,expert_human,2026-09-05T18:15:57.821623
5058,/home/h3r0-k1ll3r/Downloads/hackBlox/Round02/data/train/undefined/pool_bb95e1.jpg,0,buildings,buildings_street,1.0,human_reviewed,expert_human,2026-09-05T18:16:46.225300
5091,/home/h3r0-k1ll3r/Downloads/hackBlox/Round02/data/train/undefined/pool_bd58b1.jpg,4,sea,glacier_sea,1.0,human_reviewed,expert_human,2026-09-05T18:24:46.996830
5159,/home/h3r0-k1ll3r/Downloads/hackBlox/Round02/data/train/undefined/pool_c04f70.jpg,3,mountain,glacier_sea,1.0,human_reviewed,expert_human,2026-09-05T18:24:22.185074
5163,/home/h3r0-k1ll3r/Downloads/hackBlox/Round02/data/train/undefined/pool_c0690f.jpg,3,mountain,glacier_sea,1.0,human_reviewed,expert_human,2026-09-05T18:24:49.973507
5202,/home/h3r0-k1ll3r/Downloads/hackBlox/Round02/data/train/undefined/pool_c27405.jpg,3,mountain,glacier_sea,1.0,human_reviewed,expert_human,2026-09-05T18:18:38.401445
5247,/home/h3r0-k1ll3r/Downloads/hackBlox/Round02/data/train/undefined/pool_c45487.jpg,2,glacier,glacier_sea,1.0,human_reviewed,expert_human,2026-09-05T18:23:02.708935
5331,/home/h3r0-k1ll3r/Downloads/hackBlox/Round02/data/train/undefined/pool_c7df54.jpg,3,mountain,forest_mountain,1.0,human_reviewed,expert_human,2026-09-05T17:18:00.889954
5390,/home/h3r0-k1ll3r/Downloads/hackBlox/Round02/data/train/undefined/pool_cac25d.jpg,2,glacier,glacier_mountain,1.0,human_reviewed,expert_human,2026-09-05T18:22:36.613084
5417,/home/h3r0-k1ll3r/Downloads/hackBlox/Round02/data/train/undefined/pool_cbaac9.jpg,2,glacier,glacier_mountain,1.0,human_reviewed,expert_human,2026-09-05T17:18:14.749400
5422,/home/h3r0-k1ll3r/Downloads/hackBlox/Round02/data/train/undefined/pool_cc00a7.jpg,3,mountain,glacier_mountain,1.0,human_reviewed,expert_human,2026-09-05T18:19:06.277226
5424,/home/h3r0-k1ll3r/Downloads/hackBlox/Round02/data/train/undefined/pool_cc0870.jpg,3,mountain,glacier_mountain,1.0,human_reviewed,expert_human,2026-09-05T18:19:34.325623
5501,/home/h3r0-k1ll3r/Downloads/hackBlox/Round02/data/train/undefined/pool_cfd9d6.jpg,0,buildings,forest_mountain,1.0,human_reviewed,expert_human,2026-09-05T18:22:02.404970
5515,/home/h3r0-k1ll3r/Downloads/hackBlox/Round02/data/train/undefined/pool_d0abd8.jpg,3,mountain,glacier_mountain,1.0,human_reviewed,expert_human,2026-09-05T18:24:14.925102
5530,/home/h3r0-k1ll3r/Downloads/hackBlox/Round02/data/train/undefined/pool_d12f67.jpg,3,mountain,glacier_mountain,1.0,human_reviewed,expert_human,2026-09-05T18:19:45.945064
5531,/home/h3r0-k1ll3r/Downloads/hackBlox/Round02/data/train/undefined/pool_d13aa5.jpg,3,mountain,buildings_street,1.0,human_reviewed,expert_human,2026-09-05T18:25:12.540836
5678,/home/h3r0-k1ll3r/Downloads/hackBlox/Round02/data/train/undefined/pool_d756c5.jpg,0,buildings,glacier_mountain,1.0,human_reviewed,expert_human,2026-09-05T18:25:46.700805
5686,/home/h3r0-k1ll3r/Downloads/hackBlox/Round02/data/train/undefined/pool_d7a2f4.jpg,3,mountain,glacier_mountain,1.0,human_reviewed,expert_human,2026-09-05T18:25:37.496351
5713,/home/h3r0-k1ll3r/Downloads/hackBlox/Round02/data/train/undefined/pool_d8f9b0.jpg,3,mountain,glacier_mountain,1.0,human_reviewed,expert_human,2026-09-05T18:24:20.528854
5721,/home/h3r0-k1ll3r/Downloads/hackBlox/Round02/data/train/undefined/pool_d97a5c.jpg,0,buildings,forest_mountain,1.0,human_reviewed,expert_human,2026-09-05T17:18:54.641309
5724,/home/h3r0-k1ll3r/Downloads/hackBlox/Round02/data/train/undefined/pool_d9b25e.jpg,3,mountain,glacier_sea,1.0,human_reviewed,expert_human,2026-09-05T18:20:21.744880
5726,/home/h3r0-k1ll3r/Downloads/hackBlox/Round02/data/train/undefined/pool_d9b9f7.jpg,0,buildings,buildings_street,1.0,human_reviewed,expert_human,2026-09-05T18:23:00.073098
5729,/home/h3r0-k1ll3r/Downloads/hackBlox/Round02/data/train/undefined/pool_d9cf27.jpg,3,mountain,glacier_mountain,1.0,human_reviewed,expert_human,2026-09-05T18:21:18.025053
5736,/home/h3r0-k1ll3r/Downloads/hackBlox/Round02/data/train/undefined/pool_da2fbf.jpg,2,glacier,glacier_mountain,1.0,human_reviewed,expert_human,2026-09-05T18:18:09.433126
5770,/home/h3r0-k1ll3r/Downloads/hackBlox/Round02/data/train/undefined/pool_db751a.jpg,0,buildings,buildings_street,1.0,human_reviewed,expert_human,2026-09-05T18:24:51.912754
5772,/home/h3r0-k1ll3r/Downloads/hackBlox/Round02/data/train/undefined/pool_db9cb9.jpg,2,glacier,glacier_mountain,1.0,human_reviewed,expert_human,2026-09-05T18:15:49.685722
5799,/home/h3r0-k1ll3r/Downloads/hackBlox/Round02/data/train/undefined/pool_dc7794.jpg,3,mountain,glacier_mountain,1.0,human_reviewed,expert_human,2026-09-05T18:24:59.456687
5827,/home/h3r0-k1ll3r/Downloads/hackBlox/Round02/data/train/undefined/pool_de2a58.jpg,2,glacier,glacier_sea,1.0,human_reviewed,expert_human,2026-09-05T18:16:33.649554
5873,/home/h3r0-k1ll3r/Downloads/hackBlox/Round02/data/train/undefined/pool_e0c255.jpg,5,street,glacier_sea,1.0,human_reviewed,expert_human,2026-09-05T18:20:10.160947
5929,/home/h3r0-k1ll3r/Downloads/hackBlox/Round02/data/train/undefined/pool_e392ac.jpg,5,street,glacier_sea,1.0,human_reviewed,expert_human,2026-09-05T18:21:32.444594
5956,/home/h3r0-k1ll3r/Downloads/hackBlox/Round02/data/train/undefined/pool_e43bef.jpg,4,sea,glacier_sea,1.0,human_reviewed,expert_human,2026-09-05T18:24:10.229050
5957,/home/h3r0-k1ll3r/Downloads/hackBlox/Round02/data/train/undefined/pool_e446be.jpg,2,glacier,glacier_mountain,1.0,human_reviewed,expert_human,2026-09-05T17:18:47.054134
6028,/home/h3r0-k1ll3r/Downloads/hackBlox/Round02/data/train/undefined/pool_e71c7b.jpg,3,mountain,glacier_mountain,1.0,human_reviewed,expert_human,2026-09-05T18:21:10.645193
6053,/home/h3r0-k1ll3r/Downloads/hackBlox/Round02/data/train/undefined/pool_e85f1e.jpg,2,glacier,glacier_mountain,1.0,human_reviewed,expert_human,2026-09-05T18:25:23.936824
6096,/home/h3r0-k1ll3r/Downloads/hackBlox/Round02/data/train/undefined/pool_ea7b48.jpg,3,mountain,glacier_mountain,1.0,human_reviewed,expert_human,2026-09-05T18:25:36.344980
6110,/home/h3r0-k1ll3r/Downloads/hackBlox/Round02/data/train/undefined/pool_eb10a0.jpg,3,mountain,glacier_sea,1.0,human_reviewed,expert_human,2026-09-05T18:18:34.093517
6154,/home/h3r0-k1ll3r/Downloads/hackBlox/Round02/data/train/undefined/pool_ec79af.jpg,0,buildings,buildings_street,1.0,human_reviewed,expert_human,2026-09-05T18:22:57.464391
6173,/home/h3r0-k1ll3r/Downloads/hackBlox/Round02/data/train/undefined/pool_ed46f8.jpg,0,buildings,buildings_street,1.0,human_reviewed,expert_human,2026-09-05T18:22:03.532894
6174,/home/h3r0-k1ll3r/Downloads/hackBlox/Round02/data/train/undefined/pool_ed4fc4.jpg,3,mountain,glacier_mountain,1.0,human_reviewed,expert_human,2026-09-05T18:19:46.737475
6218,/home/h3r0-k1ll3r/Downloads/hackBlox/Round02/data/train/undefined/pool_ef5db9.jpg,3,mountain,glacier_mountain,1.0,human_reviewed,expert_human,2026-09-05T18:19:31.949022
6240,/home/h3r0-k1ll3r/Downloads/hackBlox/Round02/data/train/undefined/pool_f05124.jpg,3,mountain,glacier_mountain,1.0,human_reviewed,expert_human,2026-09-05T18:19:33.509727
6243,/home/h3r0-k1ll3r/Downloads/hackBlox/Round02/data/train/undefined/pool_f0940d.jpg,2,glacier,glacier_sea,1.0,human_reviewed,expert_human,2026-09-05T18:22:33.312918
6272,/home/h3r0-k1ll3r/Downloads/hackBlox/Round02/data/train/undefined/pool_f1ff2a.jpg,2,glacier,glacier_sea,1.0,human_reviewed,expert_human,2026-09-05T18:24:18.316886
6310,/home/h3r0-k1ll3r/Downloads/hackBlox/Round02/data/train/undefined/pool_f3d1e5.jpg,2,glacier,glacier_sea,1.0,human_reviewed,expert_human,2026-09-05T18:24:07.292717
6316,/home/h3r0-k1ll3r/Downloads/hackBlox/Round02/data/train/undefined/pool_f40a10.jpg,2,glacier,glacier_mountain,1.0,human_reviewed,expert_human,2026-09-05T18:20:38.677110
6344,/home/h3r0-k1ll3r/Downloads/hackBlox/Round02/data/train/undefined/pool_f55f87.jpg,0,buildings,buildings_street,1.0,human_reviewed,expert_human,2026-09-05T18:24:00.440920
6543,/home/h3r0-k1ll3r/Downloads/hackBlox/Round02/data/train/undefined/pool_fdffd6.jpg,3,mountain,glacier_mountain,1.0,human_reviewed,expert_human,2026-09-05T18:21:15.360858
6563,/home/h3r0-k1ll3r/Downloads/hackBlox/Round02/data/train/undefined/pool_fedf76.jpg,3,mountain,glacier_mountain,1.0,human_reviewed,expert_human,2026-09-05T18:23:05.357122
6567,/home/h3r0-k1ll3r/Downloads/hackBlox/Round02/data/train/undefined/pool_fefa18.jpg,2,glacier,glacier_sea,1.0,human_reviewed,expert_human,2026-09-05T18:18:26.861061
6591,/home/h3r0-k1ll3r/Downloads/hackBlox/Round02/data/train/undefined/pool_ffb26a.jpg,2,glacier,glacier_sea,1.0,human_reviewed,expert_human,2026-09-05T18:24:45.212883
